■ 예제3 ? 제품 소개서 다국어 변환 실습용 제품 목록,,,,,,,,,,,
No,품목코드,제품명,카테고리,주요스펙,MOQ,단가(USD),인증,타겟시장,한국어소개,번역필요언어,우선순위
1,KE-92438,디스플레이,섬유,"규격:207mm, 중량:21kg, 전압:24V DC",4561,119,ISO 14001,터키,"고정밀 산업용 센서, IP67 방수등급, -40°C 극한 환경 동작",영어+아랍어,보통
2,KE-37840,IT장비,의료,"규격:362mm, 중량:30kg, 전압:220V",4440,718.4,"CE, RoHS",캐나다,"엔터프라이즈급 서버, 최대 512GB RAM, 99.99% 가동률",영어+일어+중국어,낮음
3,KE-51635,식품가공기계,자동차,"규격:466mm, 중량:15kg, 전압:220V",3324,669.8,"KC, UL",스페인,에너지 효율 1등급 LED 조명으로 기존 대비 60% 전력 절감,영어+일어+중국어,높음
4,KE-82223,건축자재,기계,"규격:187mm, 중량:15kg, 전압:220V",2583,794.3,"KC, UL",싱가포르,에너지 효율 1등급 LED 조명으로 기존 대비 60% 전력 절감,영어+일어+중국어,보통
5,KE-31895,IT장비,IT,"규격:360mm, 중량:34kg, 전압:220V",1943,509.9,"ISO 9001, IATF",독일,에너지 효율 1등급 LED 조명으로 기존 대비 60% 전력 절감,영어+스페인어,긴급
6,KE-67795,자동차 부품,식품기계,"규격:315mm, 중량:34kg, 전압:24V DC",3586,245.1,"KC, UL",남아프리카,"AI 기반 스마트 가전, 앱 원격 제어, 음성 인식 지원",영어+프랑스어,긴급
7,KE-72955,섬유/원단,화학,"규격:194mm, 중량:22kg, 전압:220V",3019,203,"ISO 9001, CE",UAE,"내부식성 건축 자재, 50년 내구 보증, 친환경 인증",영어+아랍어,보통
8,KE-51511,IT장비,식품기계,"규격:394mm, 중량:47kg, 전압:24V DC",1104,503.7,"KC, CE, FCC",미국,"고정밀 산업용 센서, IP67 방수등급, -40°C 극한 환경 동작",영어+프랑스어,보통
9,KE-34819,섬유/원단,전자,"규격:496mm, 중량:5kg, 전압:24V DC",3712,38.4,"ISO 9001, IATF",네덜란드,"고정밀 산업용 센서, IP67 방수등급, -40°C 극한 환경 동작",영어+아랍어,낮음
10,KE-69102,건축자재,자동차,"규격:487mm, 중량:46kg, 전압:110V",699,218.6,"CE, T?V",일본,"엔터프라이즈급 서버, 최대 512GB RAM, 99.99% 가동률",영어+아랍어,보통
11,KE-24291,포장재,섬유,"규격:277mm, 중량:2kg, 전압:110V",335,86.4,"FDA, CE",중국,"엔터프라이즈급 서버, 최대 512GB RAM, 99.99% 가동률",영어+중국어,높음
12,KE-39488,디스플레이,화학,"규격:349mm, 중량:10kg, 전압:24V DC",4918,643.1,"FDA, CE",인도,"고강도 자동차 엔진 부품, OEM 품질 인증, 글로벌 호환",영어+일어+중국어,보통
13,KE-89908,전자부품,자동차,"규격:187mm, 중량:30kg, 전압:110V",2239,328.3,"ISO 9001, IATF",인도,"히알루론산 함유 기능성 화장품, 피부 보습 48시간 지속",영어+스페인어,긴급
14,KE-84896,IT장비,전자,"규격:186mm, 중량:8kg, 전압:110V",1027,105.3,"CE, T?V",스페인,"항균 기능성 섬유, 세탁 100회 후에도 항균력 유지",영어+아랍어,높음
15,KE-31118,섬유/원단,IT,"규격:299mm, 중량:32kg, 전압:220V",4290,538.3,"ISO 9001, CE",사우디아라비아,에너지 효율 1등급 LED 조명으로 기존 대비 60% 전력 절감,영어+스페인어,보통
16,KE-97637,금속 가공품,섬유,"규격:232mm, 중량:38kg, 전압:110V",1219,209.5,"CE, T?V",스페인,"고정밀 산업용 센서, IP67 방수등급, -40°C 극한 환경 동작",영어+프랑스어,낮음
17,KE-38585,디스플레이,기계,"규격:463mm, 중량:46kg, 전압:110V",159,235.6,"KC, CE, FCC",폴란드,"엔터프라이즈급 서버, 최대 512GB RAM, 99.99% 가동률",영어+일어+중국어,보통
18,KE-45261,LED 조명,IT,"규격:237mm, 중량:3kg, 전압:24V DC",3010,790.4,"CE, RoHS",영국,에너지 효율 1등급 LED 조명으로 기존 대비 60% 전력 절감,영어+아랍어,낮음
19,KE-92203,공구세트,전자,"규격:141mm, 중량:7kg, 전압:24V DC",1702,496.2,"CE, T?V",사우디아라비아,"고강도 자동차 엔진 부품, OEM 품질 인증, 글로벌 호환",영어+중국어,낮음
20,KE-85533,의료기기,전자,"규격:454mm, 중량:43kg, 전압:24V DC",1455,30.2,"CE, RoHS",터키,"내부식성 건축 자재, 50년 내구 보증, 친환경 인증",영어+중국어,보통
21,KE-85881,식품가공기계,기계,"규격:251mm, 중량:21kg, 전압:24V DC",3302,359.6,"FDA, CE",캐나다,"AI 기반 스마트 가전, 앱 원격 제어, 음성 인식 지원",영어+프랑스어,낮음
22,KE-84996,공구세트,IT,"규격:429mm, 중량:24kg, 전압:110V",3427,227.1,"KC, CE, FCC",멕시코,"고정밀 산업용 센서, IP67 방수등급, -40°C 극한 환경 동작",영어+스페인어,긴급
23,KE-74844,섬유/원단,의료,"규격:180mm, 중량:45kg, 전압:110V",4204,789.4,"KC, CE, FCC",폴란드,"AI 기반 스마트 가전, 앱 원격 제어, 음성 인식 지원",영어+독일어,긴급
24,KE-91163,스마트 가전,IT,"규격:178mm, 중량:16kg, 전압:110V",1927,243.3,"CE, T?V",남아프리카,"내부식성 건축 자재, 50년 내구 보증, 친환경 인증",영어+프랑스어,긴급
25,KE-74675,반도체 부품,의료,"규격:494mm, 중량:9kg, 전압:110V",3682,787.1,"CE, RoHS",남아프리카,"내부식성 건축 자재, 50년 내구 보증, 친환경 인증",영어+프랑스어,긴급
26,KE-80596,포장재,화학,"규격:368mm, 중량:37kg, 전압:110V",1860,44.6,ISO 14001,네덜란드,"고강도 자동차 엔진 부품, OEM 품질 인증, 글로벌 호환",영어+아랍어,긴급
27,KE-83739,산업용 센서,화학,"규격:482mm, 중량:12kg, 전압:110V",2481,791.8,"FDA, CE",미국,"고강도 자동차 엔진 부품, OEM 품질 인증, 글로벌 호환",영어+중국어,낮음
28,KE-37386,화장품,섬유,"규격:474mm, 중량:50kg, 전압:110V",3475,375.2,"KC, UL",브라질,"히알루론산 함유 기능성 화장품, 피부 보습 48시간 지속",영어+아랍어,높음
29,KE-40810,의료기기,전자,"규격:422mm, 중량:24kg, 전압:24V DC",192,497.8,"CE, RoHS",네덜란드,"AI 기반 스마트 가전, 앱 원격 제어, 음성 인식 지원",영어+일어+중국어,보통
30,KE-90554,화학원료,의료,"규격:251mm, 중량:7kg, 전압:110V",3740,412.6,"FDA, CE",스페인,"엔터프라이즈급 서버, 최대 512GB RAM, 99.99% 가동률",영어+아랍어,낮음
31,KE-53107,태양광 패널,화학,"규격:237mm, 중량:45kg, 전압:24V DC",3436,585.1,"ISO 9001, CE",멕시코,에너지 효율 1등급 LED 조명으로 기존 대비 60% 전력 절감,영어,낮음
32,KE-40651,플라스틱 부품,IT,"규격:234mm, 중량:28kg, 전압:110V",879,604.3,"ISO 9001, CE",이탈리아,"항균 기능성 섬유, 세탁 100회 후에도 항균력 유지",영어+중국어,긴급
33,KE-37006,포장재,자동차,"규격:332mm, 중량:11kg, 전압:220V",1475,356,"KC, CE, FCC",네덜란드,에너지 효율 1등급 LED 조명으로 기존 대비 60% 전력 절감,영어,높음
34,KE-21181,식품가공기계,IT,"규격:108mm, 중량:7kg, 전압:220V",4823,757.6,ISO 14001,영국,"항균 기능성 섬유, 세탁 100회 후에도 항균력 유지",영어+일어+중국어,낮음
35,KE-57958,전자부품,의료,"규격:405mm, 중량:24kg, 전압:24V DC",1583,738.3,"CE, RoHS",프랑스,"내부식성 건축 자재, 50년 내구 보증, 친환경 인증",영어+중국어,낮음
36,KE-71109,LED 조명,식품기계,"규격:309mm, 중량:49kg, 전압:220V",3562,415.9,"KC, CE, FCC",미국,"고강도 자동차 엔진 부품, OEM 품질 인증, 글로벌 호환",영어+중국어,긴급
37,KE-69658,반도체 부품,화학,"규격:321mm, 중량:21kg, 전압:24V DC",150,146,ISO 14001,네덜란드,"히알루론산 함유 기능성 화장품, 피부 보습 48시간 지속",영어+일어+중국어,긴급
38,KE-54307,섬유/원단,IT,"규격:158mm, 중량:24kg, 전압:24V DC",2444,180.8,ISO 14001,인도,"항균 기능성 섬유, 세탁 100회 후에도 항균력 유지",영어+아랍어,낮음
39,KE-32658,반도체 부품,기계,"규격:132mm, 중량:34kg, 전압:110V",2557,54.1,"ISO 9001, IATF",인도네시아,"고정밀 산업용 센서, IP67 방수등급, -40°C 극한 환경 동작",영어,높음
40,KE-22826,산업용 센서,화학,"규격:485mm, 중량:6kg, 전압:110V",2118,32.3,"ISO 9001, CE",캐나다,"엔터프라이즈급 서버, 최대 512GB RAM, 99.99% 가동률",영어+프랑스어,높음
41,KE-77036,건축자재,화학,"규격:162mm, 중량:41kg, 전압:220V",1265,73,"FDA, CE",미국,"고강도 자동차 엔진 부품, OEM 품질 인증, 글로벌 호환",영어+프랑스어,높음
42,KE-56726,반도체 부품,섬유,"규격:191mm, 중량:32kg, 전압:110V",4737,757.5,"KC, UL",브라질,에너지 효율 1등급 LED 조명으로 기존 대비 60% 전력 절감,영어+독일어,보통
43,KE-29173,IT장비,전자,"규격:277mm, 중량:35kg, 전압:110V",414,186.6,"ISO 9001, IATF",인도네시아,"엔터프라이즈급 서버, 최대 512GB RAM, 99.99% 가동률",영어+중국어,보통
44,KE-84467,산업용 센서,식품기계,"규격:457mm, 중량:32kg, 전압:220V",2100,323.4,ISO 14001,인도,"항균 기능성 섬유, 세탁 100회 후에도 항균력 유지",영어+독일어,높음
45,KE-74235,디스플레이,섬유,"규격:185mm, 중량:31kg, 전압:220V",2645,402.1,"FDA, CE",남아프리카,"고정밀 산업용 센서, IP67 방수등급, -40°C 극한 환경 동작",영어+아랍어,낮음
46,KE-58724,포장재,의료,"규격:245mm, 중량:4kg, 전압:24V DC",2826,473.4,"KC, CE, FCC",캐나다,"고강도 자동차 엔진 부품, OEM 품질 인증, 글로벌 호환",영어+프랑스어,낮음
47,KE-23613,산업용 센서,기계,"규격:200mm, 중량:33kg, 전압:110V",4560,362.6,ISO 14001,일본,"내부식성 건축 자재, 50년 내구 보증, 친환경 인증",영어+프랑스어,긴급
48,KE-95055,섬유/원단,전자,"규격:116mm, 중량:49kg, 전압:220V",2605,637.9,"FDA, CE",아르헨티나,"AI 기반 스마트 가전, 앱 원격 제어, 음성 인식 지원",영어+프랑스어,긴급
49,KE-67967,스마트 가전,화학,"규격:134mm, 중량:29kg, 전압:220V",2412,133,"KC, UL",스페인,에너지 효율 1등급 LED 조명으로 기존 대비 60% 전력 절감,영어+프랑스어,낮음
50,KE-70676,공구세트,자동차,"규격:420mm, 중량:1kg, 전압:220V",3852,267.9,"ISO 9001, CE",중국,"히알루론산 함유 기능성 화장품, 피부 보습 48시간 지속",영어+일어+중국어,낮음
51,KE-14378,화학원료,자동차,"규격:367mm, 중량:50kg, 전압:24V DC",352,257.7,"CE, RoHS",폴란드,"내부식성 건축 자재, 50년 내구 보증, 친환경 인증",영어+중국어,보통
52,KE-69750,금속 가공품,자동차,"규격:417mm, 중량:3kg, 전압:220V",277,475.6,"ISO 9001, IATF",UAE,"내부식성 건축 자재, 50년 내구 보증, 친환경 인증",영어+아랍어,낮음
53,KE-89408,자동차 부품,식품기계,"규격:119mm, 중량:29kg, 전압:220V",547,576.6,"KC, CE, FCC",멕시코,"엔터프라이즈급 서버, 최대 512GB RAM, 99.99% 가동률",영어+아랍어,긴급
54,KE-42887,자동차 부품,전자,"규격:258mm, 중량:27kg, 전압:220V",724,224.2,"CE, RoHS",남아프리카,에너지 효율 1등급 LED 조명으로 기존 대비 60% 전력 절감,영어+일어+중국어,보통
55,KE-53978,태양광 패널,자동차,"규격:309mm, 중량:30kg, 전압:220V",828,636.4,"CE, T?V",네덜란드,"고정밀 산업용 센서, IP67 방수등급, -40°C 극한 환경 동작",영어+독일어,낮음
56,KE-13526,IT장비,식품기계,"규격:486mm, 중량:3kg, 전압:220V",1213,642.4,"CE, T?V",폴란드,에너지 효율 1등급 LED 조명으로 기존 대비 60% 전력 절감,영어,낮음
57,KE-54373,공구세트,의료,"규격:408mm, 중량:28kg, 전압:24V DC",743,328.5,"CE, T?V",아르헨티나,"엔터프라이즈급 서버, 최대 512GB RAM, 99.99% 가동률",영어+아랍어,높음
58,KE-69165,스마트 가전,의료,"규격:160mm, 중량:6kg, 전압:24V DC",2512,253.4,"ISO 9001, CE",호주,"항균 기능성 섬유, 세탁 100회 후에도 항균력 유지",영어+중국어,높음
59,KE-62237,자동차 부품,전자,"규격:471mm, 중량:34kg, 전압:220V",2306,288.2,ISO 14001,중국,에너지 효율 1등급 LED 조명으로 기존 대비 60% 전력 절감,영어+독일어,낮음
60,KE-23486,금속 가공품,식품기계,"규격:362mm, 중량:19kg, 전압:110V",709,619,"KC, UL",일본,"AI 기반 스마트 가전, 앱 원격 제어, 음성 인식 지원",영어+중국어,긴급
61,KE-93078,LED 조명,의료,"규격:195mm, 중량:41kg, 전압:24V DC",2864,135.2,"ISO 9001, IATF",이탈리아,"항균 기능성 섬유, 세탁 100회 후에도 항균력 유지",영어+프랑스어,높음
62,KE-88141,산업용 센서,건축,"규격:194mm, 중량:33kg, 전압:24V DC",4050,270.2,"CE, RoHS",싱가포르,"히알루론산 함유 기능성 화장품, 피부 보습 48시간 지속",영어+독일어,보통
63,KE-79314,화학원료,IT,"규격:353mm, 중량:12kg, 전압:24V DC",731,22.7,"ISO 9001, IATF",스페인,"고강도 자동차 엔진 부품, OEM 품질 인증, 글로벌 호환",영어+일어+중국어,긴급
64,KE-77077,반도체 부품,섬유,"규격:377mm, 중량:40kg, 전압:24V DC",2371,69.5,"FDA, CE",영국,"내부식성 건축 자재, 50년 내구 보증, 친환경 인증",영어+중국어,보통
65,KE-82429,전자부품,자동차,"규격:146mm, 중량:30kg, 전압:110V",2026,67,"CE, T?V",태국,"고강도 자동차 엔진 부품, OEM 품질 인증, 글로벌 호환",영어+프랑스어,긴급
66,KE-14687,IT장비,전자,"규격:128mm, 중량:12kg, 전압:220V",4399,438.3,"ISO 9001, IATF",중국,"히알루론산 함유 기능성 화장품, 피부 보습 48시간 지속",영어+아랍어,긴급
67,KE-74389,식품가공기계,섬유,"규격:397mm, 중량:25kg, 전압:24V DC",2217,597.7,"ISO 9001, IATF",UAE,"고정밀 산업용 센서, IP67 방수등급, -40°C 극한 환경 동작",영어+중국어,보통
68,KE-88917,화장품,화학,"규격:249mm, 중량:22kg, 전압:220V",2155,657.9,"FDA, CE",네덜란드,"AI 기반 스마트 가전, 앱 원격 제어, 음성 인식 지원",영어+아랍어,보통
69,KE-20749,화장품,전자,"규격:357mm, 중량:29kg, 전압:220V",1650,557.7,"CE, RoHS",독일,"엔터프라이즈급 서버, 최대 512GB RAM, 99.99% 가동률",영어+일어+중국어,높음
70,KE-71229,전자부품,전자,"규격:238mm, 중량:34kg, 전압:110V",913,632.6,"CE, T?V",브라질,"항균 기능성 섬유, 세탁 100회 후에도 항균력 유지",영어+중국어,긴급
71,KE-26140,태양광 패널,화학,"규격:450mm, 중량:31kg, 전압:220V",4493,50.1,"KC, CE, FCC",캐나다,"항균 기능성 섬유, 세탁 100회 후에도 항균력 유지",영어+아랍어,높음
72,KE-66793,IT장비,섬유,"규격:405mm, 중량:28kg, 전압:110V",967,239.8,"CE, T?V",남아프리카,"내부식성 건축 자재, 50년 내구 보증, 친환경 인증",영어+독일어,높음
73,KE-48528,화장품,건축,"규격:340mm, 중량:1kg, 전압:110V",3456,524.8,"ISO 9001, IATF",폴란드,"내부식성 건축 자재, 50년 내구 보증, 친환경 인증",영어,보통
74,KE-94068,화장품,기계,"규격:219mm, 중량:6kg, 전압:220V",183,459.5,ISO 14001,남아프리카,"고강도 자동차 엔진 부품, OEM 품질 인증, 글로벌 호환",영어,긴급
75,KE-52342,배터리,IT,"규격:117mm, 중량:19kg, 전압:110V",3833,642.4,"ISO 9001, CE",베트남,"항균 기능성 섬유, 세탁 100회 후에도 항균력 유지",영어+프랑스어,보통
76,KE-44631,화장품,기계,"규격:474mm, 중량:43kg, 전압:110V",4741,382.7,"CE, RoHS",브라질,"엔터프라이즈급 서버, 최대 512GB RAM, 99.99% 가동률",영어+독일어,낮음
77,KE-26939,배터리,의료,"규격:437mm, 중량:32kg, 전압:110V",3207,443.3,"CE, T?V",브라질,"내부식성 건축 자재, 50년 내구 보증, 친환경 인증",영어+독일어,낮음
78,KE-89239,화장품,의료,"규격:352mm, 중량:33kg, 전압:24V DC",2331,187,"KC, CE, FCC",사우디아라비아,"엔터프라이즈급 서버, 최대 512GB RAM, 99.99% 가동률",영어+아랍어,보통
79,KE-62058,자동차 부품,섬유,"규격:271mm, 중량:3kg, 전압:24V DC",1815,414.7,"FDA, CE",인도,에너지 효율 1등급 LED 조명으로 기존 대비 60% 전력 절감,영어,긴급
80,KE-66963,LED 조명,건축,"규격:121mm, 중량:40kg, 전압:220V",2014,771.2,"CE, RoHS",말레이시아,"히알루론산 함유 기능성 화장품, 피부 보습 48시간 지속",영어,낮음
81,KE-36795,화장품,화학,"규격:298mm, 중량:20kg, 전압:220V",957,31.5,"KC, UL",인도,"AI 기반 스마트 가전, 앱 원격 제어, 음성 인식 지원",영어+일어+중국어,보통
82,KE-81949,전자부품,자동차,"규격:340mm, 중량:9kg, 전압:220V",3027,388.1,"CE, T?V",프랑스,"고정밀 산업용 센서, IP67 방수등급, -40°C 극한 환경 동작",영어+일어+중국어,낮음
83,KE-90087,반도체 부품,의료,"규격:446mm, 중량:43kg, 전압:110V",4982,700.8,"ISO 9001, IATF",일본,"내부식성 건축 자재, 50년 내구 보증, 친환경 인증",영어+아랍어,보통
84,KE-84574,건축자재,기계,"규격:362mm, 중량:8kg, 전압:220V",1151,235.2,"CE, T?V",싱가포르,"엔터프라이즈급 서버, 최대 512GB RAM, 99.99% 가동률",영어+일어+중국어,높음
85,KE-34819,IT장비,자동차,"규격:199mm, 중량:17kg, 전압:24V DC",4270,182.2,"ISO 9001, CE",사우디아라비아,"엔터프라이즈급 서버, 최대 512GB RAM, 99.99% 가동률",영어+중국어,긴급
86,KE-67699,공구세트,기계,"규격:138mm, 중량:7kg, 전압:24V DC",1502,765.4,"KC, CE, FCC",스페인,"히알루론산 함유 기능성 화장품, 피부 보습 48시간 지속",영어+스페인어,낮음
87,KE-75484,식품가공기계,의료,"규격:365mm, 중량:16kg, 전압:220V",1906,564.7,"CE, T?V",호주,"고강도 자동차 엔진 부품, OEM 품질 인증, 글로벌 호환",영어,높음
88,KE-39545,자동차 부품,건축,"규격:335mm, 중량:17kg, 전압:24V DC",2136,220.1,"CE, RoHS",아르헨티나,"고정밀 산업용 센서, IP67 방수등급, -40°C 극한 환경 동작",영어+독일어,보통
89,KE-30136,금속 가공품,IT,"규격:379mm, 중량:38kg, 전압:110V",2421,261.8,ISO 14001,터키,"고정밀 산업용 센서, IP67 방수등급, -40°C 극한 환경 동작",영어,낮음
90,KE-81038,태양광 패널,섬유,"규격:384mm, 중량:12kg, 전압:24V DC",2176,647.4,"CE, RoHS",이탈리아,"엔터프라이즈급 서버, 최대 512GB RAM, 99.99% 가동률",영어+프랑스어,높음
91,KE-96199,금속 가공품,섬유,"규격:326mm, 중량:22kg, 전압:110V",3590,230.8,ISO 14001,UAE,"AI 기반 스마트 가전, 앱 원격 제어, 음성 인식 지원",영어+아랍어,보통
92,KE-40818,반도체 부품,자동차,"규격:381mm, 중량:2kg, 전압:220V",4212,5.8,"ISO 9001, IATF",아르헨티나,에너지 효율 1등급 LED 조명으로 기존 대비 60% 전력 절감,영어+스페인어,높음
93,KE-64084,포장재,전자,"규격:411mm, 중량:15kg, 전압:220V",2669,784.6,"ISO 9001, CE",독일,"엔터프라이즈급 서버, 최대 512GB RAM, 99.99% 가동률",영어+중국어,긴급
94,KE-11529,자동차 부품,기계,"규격:131mm, 중량:30kg, 전압:110V",2628,789.7,"ISO 9001, CE",멕시코,"AI 기반 스마트 가전, 앱 원격 제어, 음성 인식 지원",영어+독일어,긴급
95,KE-54846,의료기기,식품기계,"규격:135mm, 중량:14kg, 전압:110V",1612,159.8,"CE, RoHS",영국,"내부식성 건축 자재, 50년 내구 보증, 친환경 인증",영어+프랑스어,낮음
96,KE-21471,공구세트,섬유,"규격:216mm, 중량:12kg, 전압:220V",1933,407.1,"ISO 9001, IATF",말레이시아,"항균 기능성 섬유, 세탁 100회 후에도 항균력 유지",영어+독일어,긴급
97,KE-79743,산업용 센서,섬유,"규격:456mm, 중량:46kg, 전압:110V",4335,618.3,"ISO 9001, CE",인도,"항균 기능성 섬유, 세탁 100회 후에도 항균력 유지",영어+스페인어,긴급
98,KE-66096,산업용 센서,기계,"규격:393mm, 중량:46kg, 전압:220V",2830,211.8,ISO 14001,아르헨티나,"항균 기능성 섬유, 세탁 100회 후에도 항균력 유지",영어+일어+중국어,긴급
99,KE-25609,섬유/원단,섬유,"규격:171mm, 중량:26kg, 전압:110V",1333,251.7,"CE, RoHS",인도네시아,"고강도 자동차 엔진 부품, OEM 품질 인증, 글로벌 호환",영어+일어+중국어,보통
100,KE-82775,배터리,화학,"규격:259mm, 중량:12kg, 전압:110V",1695,430.3,"ISO 9001, CE",말레이시아,에너지 효율 1등급 LED 조명으로 기존 대비 60% 전력 절감,영어+프랑스어,높음
101,KE-46841,산업용 센서,섬유,"규격:451mm, 중량:24kg, 전압:220V",283,462.1,"FDA, CE",말레이시아,"항균 기능성 섬유, 세탁 100회 후에도 항균력 유지",영어+프랑스어,높음
102,KE-31813,디스플레이,건축,"규격:273mm, 중량:15kg, 전압:110V",3124,279.6,"FDA, CE",싱가포르,"내부식성 건축 자재, 50년 내구 보증, 친환경 인증",영어+아랍어,낮음
103,KE-82778,금속 가공품,자동차,"규격:140mm, 중량:20kg, 전압:110V",2036,36.1,"ISO 9001, CE",UAE,"고정밀 산업용 센서, IP67 방수등급, -40°C 극한 환경 동작",영어+독일어,보통
104,KE-22331,화학원료,전자,"규격:319mm, 중량:34kg, 전압:220V",653,419.5,ISO 14001,영국,"내부식성 건축 자재, 50년 내구 보증, 친환경 인증",영어+독일어,긴급
105,KE-58879,태양광 패널,건축,"규격:356mm, 중량:11kg, 전압:24V DC",2891,616.5,ISO 14001,인도네시아,"고정밀 산업용 센서, IP67 방수등급, -40°C 극한 환경 동작",영어+스페인어,긴급
106,KE-11075,플라스틱 부품,기계,"규격:253mm, 중량:6kg, 전압:220V",2147,789.9,ISO 14001,영국,"고강도 자동차 엔진 부품, OEM 품질 인증, 글로벌 호환",영어+독일어,낮음
107,KE-92300,식품가공기계,식품기계,"규격:179mm, 중량:45kg, 전압:24V DC",722,182.9,ISO 14001,미국,"고정밀 산업용 센서, IP67 방수등급, -40°C 극한 환경 동작",영어+중국어,높음
108,KE-69568,태양광 패널,식품기계,"규격:387mm, 중량:41kg, 전압:110V",3550,666.6,ISO 14001,이탈리아,"엔터프라이즈급 서버, 최대 512GB RAM, 99.99% 가동률",영어,낮음
109,KE-23700,태양광 패널,화학,"규격:123mm, 중량:24kg, 전압:110V",4690,553,ISO 14001,네덜란드,"엔터프라이즈급 서버, 최대 512GB RAM, 99.99% 가동률",영어+독일어,보통
110,KE-67631,포장재,섬유,"규격:496mm, 중량:37kg, 전압:110V",334,631,"KC, UL",터키,"고정밀 산업용 센서, IP67 방수등급, -40°C 극한 환경 동작",영어+중국어,낮음
111,KE-95393,금속 가공품,의료,"규격:193mm, 중량:7kg, 전압:220V",1785,18,ISO 14001,베트남,"항균 기능성 섬유, 세탁 100회 후에도 항균력 유지",영어+중국어,보통
112,KE-73592,LED 조명,전자,"규격:461mm, 중량:7kg, 전압:110V",1882,224.4,"CE, T?V",베트남,"고정밀 산업용 센서, IP67 방수등급, -40°C 극한 환경 동작",영어,높음
113,KE-26923,건축자재,IT,"규격:427mm, 중량:44kg, 전압:110V",1993,412.6,"ISO 9001, IATF",베트남,"고강도 자동차 엔진 부품, OEM 품질 인증, 글로벌 호환",영어+독일어,보통
114,KE-20602,스마트 가전,식품기계,"규격:310mm, 중량:1kg, 전압:24V DC",1870,49.8,"KC, CE, FCC",호주,"엔터프라이즈급 서버, 최대 512GB RAM, 99.99% 가동률",영어+중국어,낮음
115,KE-53940,의료기기,화학,"규격:258mm, 중량:50kg, 전압:220V",3731,720.4,"FDA, CE",태국,"내부식성 건축 자재, 50년 내구 보증, 친환경 인증",영어+독일어,낮음
116,KE-22736,스마트 가전,기계,"규격:382mm, 중량:8kg, 전압:110V",404,265.1,"ISO 9001, CE",인도네시아,"고정밀 산업용 센서, IP67 방수등급, -40°C 극한 환경 동작",영어,보통
117,KE-50492,스마트 가전,의료,"규격:394mm, 중량:2kg, 전압:24V DC",3170,533.4,"CE, T?V",스페인,"고정밀 산업용 센서, IP67 방수등급, -40°C 극한 환경 동작",영어+프랑스어,높음
118,KE-14866,플라스틱 부품,식품기계,"규격:339mm, 중량:38kg, 전압:110V",2603,268.4,"FDA, CE",말레이시아,"히알루론산 함유 기능성 화장품, 피부 보습 48시간 지속",영어+프랑스어,긴급
119,KE-14759,의료기기,기계,"규격:265mm, 중량:31kg, 전압:220V",4897,146,"CE, RoHS",브라질,"AI 기반 스마트 가전, 앱 원격 제어, 음성 인식 지원",영어+아랍어,높음
120,KE-26441,전자부품,섬유,"규격:482mm, 중량:10kg, 전압:24V DC",2147,75.6,"KC, UL",캐나다,"히알루론산 함유 기능성 화장품, 피부 보습 48시간 지속",영어+일어+중국어,긴급
121,KE-44935,전자부품,건축,"규격:386mm, 중량:1kg, 전압:110V",2569,404.8,"FDA, CE",브라질,"히알루론산 함유 기능성 화장품, 피부 보습 48시간 지속",영어+프랑스어,보통
122,KE-63093,식품가공기계,자동차,"규격:215mm, 중량:27kg, 전압:110V",719,587,"FDA, CE",호주,에너지 효율 1등급 LED 조명으로 기존 대비 60% 전력 절감,영어+일어+중국어,보통
123,KE-25884,스마트 가전,섬유,"규격:297mm, 중량:48kg, 전압:110V",2825,109.7,"FDA, CE",스페인,에너지 효율 1등급 LED 조명으로 기존 대비 60% 전력 절감,영어+독일어,낮음
124,KE-34101,화학원료,화학,"규격:405mm, 중량:48kg, 전압:24V DC",3474,420.1,"ISO 9001, IATF",남아프리카,"고정밀 산업용 센서, IP67 방수등급, -40°C 극한 환경 동작",영어+스페인어,높음
125,KE-53751,자동차 부품,섬유,"규격:179mm, 중량:5kg, 전압:24V DC",3794,33.5,"ISO 9001, IATF",미국,"히알루론산 함유 기능성 화장품, 피부 보습 48시간 지속",영어,보통
126,KE-24159,산업용 센서,전자,"규격:362mm, 중량:24kg, 전압:220V",4901,84.8,"CE, RoHS",멕시코,"AI 기반 스마트 가전, 앱 원격 제어, 음성 인식 지원",영어+일어+중국어,보통
127,KE-43249,플라스틱 부품,기계,"규격:485mm, 중량:23kg, 전압:220V",2663,122.2,"CE, T?V",폴란드,에너지 효율 1등급 LED 조명으로 기존 대비 60% 전력 절감,영어+스페인어,높음
128,KE-55424,식품가공기계,섬유,"규격:261mm, 중량:50kg, 전압:110V",2232,46.2,"ISO 9001, IATF",멕시코,에너지 효율 1등급 LED 조명으로 기존 대비 60% 전력 절감,영어+일어+중국어,긴급
129,KE-61709,디스플레이,화학,"규격:389mm, 중량:1kg, 전압:110V",2231,494.5,"ISO 9001, IATF",호주,"항균 기능성 섬유, 세탁 100회 후에도 항균력 유지",영어+중국어,낮음
130,KE-16159,자동차 부품,전자,"규격:254mm, 중량:27kg, 전압:220V",1147,106,"KC, UL",베트남,"AI 기반 스마트 가전, 앱 원격 제어, 음성 인식 지원",영어+독일어,높음
131,KE-66294,산업용 센서,전자,"규격:255mm, 중량:26kg, 전압:220V",1720,478.7,ISO 14001,독일,"고정밀 산업용 센서, IP67 방수등급, -40°C 극한 환경 동작",영어+스페인어,긴급
132,KE-31257,배터리,자동차,"규격:187mm, 중량:4kg, 전압:110V",2812,530,"KC, CE, FCC",인도네시아,"엔터프라이즈급 서버, 최대 512GB RAM, 99.99% 가동률",영어+중국어,긴급
133,KE-33487,전자부품,전자,"규격:397mm, 중량:33kg, 전압:110V",3075,591.7,"ISO 9001, IATF",네덜란드,"엔터프라이즈급 서버, 최대 512GB RAM, 99.99% 가동률",영어+중국어,보통
134,KE-21655,디스플레이,화학,"규격:307mm, 중량:38kg, 전압:220V",4604,145.6,ISO 14001,남아프리카,"엔터프라이즈급 서버, 최대 512GB RAM, 99.99% 가동률",영어+중국어,보통
135,KE-83666,식품가공기계,화학,"규격:233mm, 중량:41kg, 전압:110V",2609,574.9,"KC, UL",영국,"고강도 자동차 엔진 부품, OEM 품질 인증, 글로벌 호환",영어+일어+중국어,보통
136,KE-22809,금속 가공품,섬유,"규격:324mm, 중량:22kg, 전압:110V",4486,105.5,"KC, CE, FCC",이탈리아,"항균 기능성 섬유, 세탁 100회 후에도 항균력 유지",영어+프랑스어,낮음
137,KE-99447,건축자재,건축,"규격:340mm, 중량:27kg, 전압:220V",3836,150.8,"FDA, CE",UAE,"고강도 자동차 엔진 부품, OEM 품질 인증, 글로벌 호환",영어+스페인어,보통
138,KE-53644,건축자재,화학,"규격:164mm, 중량:17kg, 전압:110V",1095,118,"KC, UL",말레이시아,"고정밀 산업용 센서, IP67 방수등급, -40°C 극한 환경 동작",영어+프랑스어,높음
139,KE-85075,디스플레이,섬유,"규격:331mm, 중량:35kg, 전압:110V",2342,194.1,"CE, T?V",중국,"고강도 자동차 엔진 부품, OEM 품질 인증, 글로벌 호환",영어+중국어,긴급
140,KE-85195,자동차 부품,자동차,"규격:300mm, 중량:28kg, 전압:220V",1541,316.4,"FDA, CE",아르헨티나,"히알루론산 함유 기능성 화장품, 피부 보습 48시간 지속",영어+스페인어,긴급
141,KE-53114,플라스틱 부품,전자,"규격:415mm, 중량:28kg, 전압:220V",3903,22,"CE, RoHS",UAE,"고정밀 산업용 센서, IP67 방수등급, -40°C 극한 환경 동작",영어+아랍어,긴급
142,KE-66081,디스플레이,전자,"규격:368mm, 중량:30kg, 전압:24V DC",1033,129,"FDA, CE",UAE,"엔터프라이즈급 서버, 최대 512GB RAM, 99.99% 가동률",영어+스페인어,낮음
143,KE-88384,반도체 부품,화학,"규격:220mm, 중량:39kg, 전압:24V DC",211,88,"KC, CE, FCC",독일,"엔터프라이즈급 서버, 최대 512GB RAM, 99.99% 가동률",영어+일어+중국어,보통
144,KE-81591,식품가공기계,전자,"규격:228mm, 중량:12kg, 전압:24V DC",4418,722,ISO 14001,미국,"엔터프라이즈급 서버, 최대 512GB RAM, 99.99% 가동률",영어+중국어,긴급
145,KE-61848,반도체 부품,기계,"규격:125mm, 중량:46kg, 전압:110V",2648,729.6,"CE, T?V",미국,"항균 기능성 섬유, 세탁 100회 후에도 항균력 유지",영어+아랍어,높음
146,KE-56557,공구세트,자동차,"규격:381mm, 중량:41kg, 전압:110V",1945,511.2,"CE, T?V",태국,"고정밀 산업용 센서, IP67 방수등급, -40°C 극한 환경 동작",영어+프랑스어,보통
147,KE-47696,공구세트,전자,"규격:345mm, 중량:27kg, 전압:110V",1499,243.6,"FDA, CE",이탈리아,"AI 기반 스마트 가전, 앱 원격 제어, 음성 인식 지원",영어+독일어,긴급
148,KE-56704,전자부품,의료,"규격:254mm, 중량:12kg, 전압:220V",781,675.5,"ISO 9001, CE",네덜란드,"항균 기능성 섬유, 세탁 100회 후에도 항균력 유지",영어+프랑스어,긴급
149,KE-84591,포장재,건축,"규격:199mm, 중량:15kg, 전압:110V",3661,693.4,"FDA, CE",베트남,에너지 효율 1등급 LED 조명으로 기존 대비 60% 전력 절감,영어+프랑스어,긴급
150,KE-54368,태양광 패널,전자,"규격:291mm, 중량:35kg, 전압:110V",3915,305,"ISO 9001, CE",중국,"항균 기능성 섬유, 세탁 100회 후에도 항균력 유지",영어,긴급
151,KE-85934,식품가공기계,기계,"규격:329mm, 중량:23kg, 전압:24V DC",4450,322.6,"ISO 9001, IATF",인도네시아,"고정밀 산업용 센서, IP67 방수등급, -40°C 극한 환경 동작",영어+독일어,낮음
152,KE-16303,LED 조명,식품기계,"규격:238mm, 중량:27kg, 전압:110V",5000,248.5,"ISO 9001, CE",일본,"고정밀 산업용 센서, IP67 방수등급, -40°C 극한 환경 동작",영어+중국어,긴급
153,KE-65200,화장품,기계,"규격:205mm, 중량:43kg, 전압:24V DC",3372,473.6,"ISO 9001, CE",멕시코,"고정밀 산업용 센서, IP67 방수등급, -40°C 극한 환경 동작",영어+중국어,긴급
154,KE-68687,스마트 가전,화학,"규격:185mm, 중량:4kg, 전압:110V",3820,218.8,"FDA, CE",미국,"엔터프라이즈급 서버, 최대 512GB RAM, 99.99% 가동률",영어+일어+중국어,보통
155,KE-25434,식품가공기계,기계,"규격:290mm, 중량:20kg, 전압:24V DC",1045,499.7,"CE, RoHS",이탈리아,"고정밀 산업용 센서, IP67 방수등급, -40°C 극한 환경 동작",영어,높음
156,KE-23079,공구세트,IT,"규격:198mm, 중량:23kg, 전압:24V DC",3000,760.7,"ISO 9001, IATF",독일,"고정밀 산업용 센서, IP67 방수등급, -40°C 극한 환경 동작",영어+일어+중국어,높음
157,KE-52786,IT장비,IT,"규격:475mm, 중량:10kg, 전압:110V",4859,125.5,"FDA, CE",태국,"히알루론산 함유 기능성 화장품, 피부 보습 48시간 지속",영어+일어+중국어,높음
158,KE-87250,플라스틱 부품,화학,"규격:124mm, 중량:32kg, 전압:110V",3427,249.8,ISO 14001,싱가포르,"항균 기능성 섬유, 세탁 100회 후에도 항균력 유지",영어,긴급
159,KE-67796,스마트 가전,기계,"규격:139mm, 중량:30kg, 전압:110V",2764,93.8,"FDA, CE",호주,"엔터프라이즈급 서버, 최대 512GB RAM, 99.99% 가동률",영어+일어+중국어,보통
160,KE-39068,배터리,기계,"규격:200mm, 중량:27kg, 전압:110V",3474,559.9,"CE, RoHS",사우디아라비아,"엔터프라이즈급 서버, 최대 512GB RAM, 99.99% 가동률",영어+아랍어,낮음
161,KE-98491,반도체 부품,의료,"규격:450mm, 중량:14kg, 전압:24V DC",1904,792,ISO 14001,프랑스,"고정밀 산업용 센서, IP67 방수등급, -40°C 극한 환경 동작",영어+프랑스어,높음
162,KE-56699,화장품,화학,"규격:286mm, 중량:9kg, 전압:110V",3809,119.1,"CE, RoHS",미국,"항균 기능성 섬유, 세탁 100회 후에도 항균력 유지",영어,보통
163,KE-94641,화학원료,전자,"규격:202mm, 중량:45kg, 전압:110V",4919,7,"ISO 9001, CE",호주,"히알루론산 함유 기능성 화장품, 피부 보습 48시간 지속",영어+독일어,낮음
164,KE-13532,공구세트,식품기계,"규격:193mm, 중량:31kg, 전압:220V",2095,38.3,"CE, T?V",말레이시아,"엔터프라이즈급 서버, 최대 512GB RAM, 99.99% 가동률",영어+프랑스어,긴급
165,KE-28446,공구세트,전자,"규격:146mm, 중량:4kg, 전압:24V DC",4421,491.9,"ISO 9001, CE",중국,"고강도 자동차 엔진 부품, OEM 품질 인증, 글로벌 호환",영어+아랍어,높음
166,KE-63905,섬유/원단,화학,"규격:116mm, 중량:37kg, 전압:24V DC",2609,398.3,"CE, RoHS",네덜란드,"고강도 자동차 엔진 부품, OEM 품질 인증, 글로벌 호환",영어+일어+중국어,낮음
167,KE-41386,공구세트,식품기계,"규격:462mm, 중량:50kg, 전압:24V DC",2598,162.7,"FDA, CE",미국,에너지 효율 1등급 LED 조명으로 기존 대비 60% 전력 절감,영어+독일어,낮음
168,KE-69735,디스플레이,의료,"규격:151mm, 중량:26kg, 전압:220V",3138,203.1,"ISO 9001, CE",중국,"고정밀 산업용 센서, IP67 방수등급, -40°C 극한 환경 동작",영어+아랍어,낮음
169,KE-58707,금속 가공품,섬유,"규격:146mm, 중량:3kg, 전압:110V",4172,112.9,"CE, T?V",중국,"고강도 자동차 엔진 부품, OEM 품질 인증, 글로벌 호환",영어+중국어,긴급
170,KE-19039,자동차 부품,기계,"규격:327mm, 중량:2kg, 전압:110V",2663,509.3,ISO 14001,일본,"고강도 자동차 엔진 부품, OEM 품질 인증, 글로벌 호환",영어+프랑스어,높음
171,KE-26966,공구세트,IT,"규격:221mm, 중량:36kg, 전압:220V",1358,185.4,"KC, UL",인도네시아,"고정밀 산업용 센서, IP67 방수등급, -40°C 극한 환경 동작",영어+독일어,높음
172,KE-47876,태양광 패널,기계,"규격:144mm, 중량:28kg, 전압:110V",1351,715.4,"KC, CE, FCC",남아프리카,"내부식성 건축 자재, 50년 내구 보증, 친환경 인증",영어+중국어,보통
173,KE-47806,섬유/원단,IT,"규격:174mm, 중량:14kg, 전압:24V DC",4019,333,"CE, RoHS",독일,"히알루론산 함유 기능성 화장품, 피부 보습 48시간 지속",영어,높음
174,KE-37905,IT장비,건축,"규격:266mm, 중량:31kg, 전압:110V",1943,40.7,"ISO 9001, CE",프랑스,"AI 기반 스마트 가전, 앱 원격 제어, 음성 인식 지원",영어+일어+중국어,보통
175,KE-54584,건축자재,식품기계,"규격:304mm, 중량:48kg, 전압:24V DC",2549,452.6,ISO 14001,프랑스,"엔터프라이즈급 서버, 최대 512GB RAM, 99.99% 가동률",영어,긴급
176,KE-40017,배터리,식품기계,"규격:361mm, 중량:45kg, 전압:24V DC",240,488,"ISO 9001, IATF",인도네시아,"엔터프라이즈급 서버, 최대 512GB RAM, 99.99% 가동률",영어+스페인어,낮음
177,KE-75288,금속 가공품,기계,"규격:250mm, 중량:9kg, 전압:110V",190,345.7,"CE, RoHS",인도네시아,에너지 효율 1등급 LED 조명으로 기존 대비 60% 전력 절감,영어+중국어,높음
178,KE-80152,플라스틱 부품,화학,"규격:148mm, 중량:20kg, 전압:220V",830,769.5,"CE, T?V",멕시코,"고강도 자동차 엔진 부품, OEM 품질 인증, 글로벌 호환",영어+일어+중국어,긴급
179,KE-45278,화장품,건축,"규격:122mm, 중량:39kg, 전압:110V",1911,781.3,ISO 14001,호주,"AI 기반 스마트 가전, 앱 원격 제어, 음성 인식 지원",영어+아랍어,높음
180,KE-57047,IT장비,IT,"규격:229mm, 중량:17kg, 전압:24V DC",3942,189.6,"KC, CE, FCC",독일,에너지 효율 1등급 LED 조명으로 기존 대비 60% 전력 절감,영어+중국어,높음
181,KE-45053,반도체 부품,건축,"규격:223mm, 중량:24kg, 전압:110V",4173,480.3,"KC, UL",독일,"고정밀 산업용 센서, IP67 방수등급, -40°C 극한 환경 동작",영어+프랑스어,낮음
182,KE-57412,섬유/원단,의료,"규격:374mm, 중량:30kg, 전압:110V",1519,96.4,"ISO 9001, CE",멕시코,"AI 기반 스마트 가전, 앱 원격 제어, 음성 인식 지원",영어+프랑스어,긴급
183,KE-26778,자동차 부품,IT,"규격:206mm, 중량:39kg, 전압:24V DC",1727,329.4,"CE, T?V",영국,"고강도 자동차 엔진 부품, OEM 품질 인증, 글로벌 호환",영어+중국어,보통
184,KE-52552,섬유/원단,화학,"규격:324mm, 중량:12kg, 전압:110V",498,633.6,"KC, UL",중국,"항균 기능성 섬유, 세탁 100회 후에도 항균력 유지",영어+스페인어,낮음
185,KE-16285,금속 가공품,자동차,"규격:267mm, 중량:20kg, 전압:24V DC",3899,437.7,"ISO 9001, CE",프랑스,에너지 효율 1등급 LED 조명으로 기존 대비 60% 전력 절감,영어+독일어,긴급
186,KE-98742,반도체 부품,섬유,"규격:475mm, 중량:42kg, 전압:220V",3084,412.8,"KC, CE, FCC",독일,"고정밀 산업용 센서, IP67 방수등급, -40°C 극한 환경 동작",영어+중국어,높음
187,KE-30650,산업용 센서,기계,"규격:380mm, 중량:27kg, 전압:110V",4638,362.9,"ISO 9001, CE",사우디아라비아,"AI 기반 스마트 가전, 앱 원격 제어, 음성 인식 지원",영어+프랑스어,긴급
188,KE-90207,화장품,IT,"규격:246mm, 중량:16kg, 전압:24V DC",3201,275.5,"CE, T?V",일본,"히알루론산 함유 기능성 화장품, 피부 보습 48시간 지속",영어+일어+중국어,낮음
189,KE-65123,배터리,화학,"규격:197mm, 중량:5kg, 전압:220V",2599,281.6,"FDA, CE",멕시코,에너지 효율 1등급 LED 조명으로 기존 대비 60% 전력 절감,영어+스페인어,보통
190,KE-88174,IT장비,건축,"규격:221mm, 중량:13kg, 전압:220V",573,177.4,"KC, UL",독일,"고정밀 산업용 센서, IP67 방수등급, -40°C 극한 환경 동작",영어+독일어,높음
191,KE-66409,의료기기,의료,"규격:179mm, 중량:2kg, 전압:220V",959,682.3,ISO 14001,독일,"AI 기반 스마트 가전, 앱 원격 제어, 음성 인식 지원",영어,긴급
192,KE-49394,화학원료,자동차,"규격:248mm, 중량:44kg, 전압:110V",673,485.3,"ISO 9001, IATF",영국,"고정밀 산업용 센서, IP67 방수등급, -40°C 극한 환경 동작",영어+아랍어,낮음
193,KE-58482,공구세트,자동차,"규격:170mm, 중량:22kg, 전압:24V DC",177,491.6,"ISO 9001, CE",일본,에너지 효율 1등급 LED 조명으로 기존 대비 60% 전력 절감,영어+중국어,긴급
194,KE-50790,의료기기,식품기계,"규격:233mm, 중량:19kg, 전압:110V",4001,541.1,"CE, T?V",스페인,에너지 효율 1등급 LED 조명으로 기존 대비 60% 전력 절감,영어+스페인어,긴급
195,KE-57715,스마트 가전,IT,"규격:375mm, 중량:49kg, 전압:110V",1413,522.2,"KC, CE, FCC",말레이시아,"고강도 자동차 엔진 부품, OEM 품질 인증, 글로벌 호환",영어+아랍어,긴급
196,KE-71522,공구세트,의료,"규격:116mm, 중량:46kg, 전압:220V",1896,794.7,ISO 14001,이탈리아,"엔터프라이즈급 서버, 최대 512GB RAM, 99.99% 가동률",영어+중국어,보통
197,KE-47751,식품가공기계,IT,"규격:245mm, 중량:33kg, 전압:220V",1037,535.1,"ISO 9001, IATF",태국,"항균 기능성 섬유, 세탁 100회 후에도 항균력 유지",영어+프랑스어,낮음
198,KE-16479,디스플레이,전자,"규격:450mm, 중량:5kg, 전압:24V DC",4825,311.2,"ISO 9001, IATF",영국,"AI 기반 스마트 가전, 앱 원격 제어, 음성 인식 지원",영어+독일어,낮음
199,KE-72470,포장재,식품기계,"규격:434mm, 중량:10kg, 전압:110V",1230,178,"KC, UL",일본,"엔터프라이즈급 서버, 최대 512GB RAM, 99.99% 가동률",영어+프랑스어,보통
200,KE-92459,공구세트,섬유,"규격:197mm, 중량:38kg, 전압:110V",1109,145.2,"ISO 9001, CE",프랑스,"AI 기반 스마트 가전, 앱 원격 제어, 음성 인식 지원",영어+스페인어,긴급
201,KE-80488,금속 가공품,건축,"규격:283mm, 중량:35kg, 전압:24V DC",1020,404.5,"ISO 9001, CE",터키,"히알루론산 함유 기능성 화장품, 피부 보습 48시간 지속",영어+독일어,긴급
202,KE-89207,화장품,섬유,"규격:130mm, 중량:44kg, 전압:24V DC",1532,5,"FDA, CE",중국,"항균 기능성 섬유, 세탁 100회 후에도 항균력 유지",영어+아랍어,낮음
203,KE-49735,IT장비,의료,"규격:456mm, 중량:28kg, 전압:110V",259,675.7,"ISO 9001, IATF",호주,"히알루론산 함유 기능성 화장품, 피부 보습 48시간 지속",영어+스페인어,낮음
204,KE-66287,건축자재,식품기계,"규격:426mm, 중량:26kg, 전압:24V DC",4849,302.2,"ISO 9001, IATF",UAE,"엔터프라이즈급 서버, 최대 512GB RAM, 99.99% 가동률",영어+독일어,긴급
205,KE-20208,화학원료,전자,"규격:148mm, 중량:12kg, 전압:24V DC",4329,468.7,"CE, T?V",인도,"고정밀 산업용 센서, IP67 방수등급, -40°C 극한 환경 동작",영어+일어+중국어,보통
206,KE-44774,배터리,의료,"규격:485mm, 중량:45kg, 전압:220V",1671,31.9,ISO 14001,독일,"고정밀 산업용 센서, IP67 방수등급, -40°C 극한 환경 동작",영어,낮음
207,KE-54256,플라스틱 부품,섬유,"규격:405mm, 중량:16kg, 전압:220V",2138,401.1,"KC, UL",프랑스,"고정밀 산업용 센서, IP67 방수등급, -40°C 극한 환경 동작",영어+중국어,높음
208,KE-56518,화학원료,식품기계,"규격:467mm, 중량:15kg, 전압:24V DC",1727,514.8,"CE, RoHS",브라질,"AI 기반 스마트 가전, 앱 원격 제어, 음성 인식 지원",영어+스페인어,보통
209,KE-35688,디스플레이,식품기계,"규격:390mm, 중량:20kg, 전압:220V",1130,141.4,"FDA, CE",일본,"엔터프라이즈급 서버, 최대 512GB RAM, 99.99% 가동률",영어,보통
210,KE-24187,디스플레이,자동차,"규격:226mm, 중량:13kg, 전압:220V",1639,746.2,"CE, T?V",터키,에너지 효율 1등급 LED 조명으로 기존 대비 60% 전력 절감,영어+독일어,보통
211,KE-58651,공구세트,화학,"규격:429mm, 중량:49kg, 전압:24V DC",1016,557.3,"CE, RoHS",사우디아라비아,"항균 기능성 섬유, 세탁 100회 후에도 항균력 유지",영어+아랍어,긴급
212,KE-87300,디스플레이,IT,"규격:379mm, 중량:2kg, 전압:220V",2442,334.2,"KC, UL",일본,"항균 기능성 섬유, 세탁 100회 후에도 항균력 유지",영어+독일어,높음
213,KE-74641,플라스틱 부품,전자,"규격:186mm, 중량:25kg, 전압:24V DC",3691,472.6,"FDA, CE",호주,"AI 기반 스마트 가전, 앱 원격 제어, 음성 인식 지원",영어+아랍어,낮음
214,KE-74518,산업용 센서,자동차,"규격:244mm, 중량:8kg, 전압:220V",1332,665.8,"KC, CE, FCC",아르헨티나,"AI 기반 스마트 가전, 앱 원격 제어, 음성 인식 지원",영어+중국어,높음
215,KE-83694,식품가공기계,식품기계,"규격:167mm, 중량:26kg, 전압:24V DC",3266,594.5,"ISO 9001, CE",태국,"항균 기능성 섬유, 세탁 100회 후에도 항균력 유지",영어+스페인어,높음
216,KE-77797,태양광 패널,의료,"규격:129mm, 중량:47kg, 전압:220V",3577,334.2,"ISO 9001, CE",호주,"고정밀 산업용 센서, IP67 방수등급, -40°C 극한 환경 동작",영어,낮음
217,KE-20503,LED 조명,전자,"규격:438mm, 중량:50kg, 전압:24V DC",2286,285.4,"KC, CE, FCC",네덜란드,"내부식성 건축 자재, 50년 내구 보증, 친환경 인증",영어+프랑스어,긴급
218,KE-58116,배터리,의료,"규격:121mm, 중량:15kg, 전압:24V DC",1280,690.8,"KC, CE, FCC",일본,"AI 기반 스마트 가전, 앱 원격 제어, 음성 인식 지원",영어+중국어,보통
219,KE-74801,산업용 센서,의료,"규격:287mm, 중량:34kg, 전압:220V",610,499.4,ISO 14001,프랑스,"엔터프라이즈급 서버, 최대 512GB RAM, 99.99% 가동률",영어+일어+중국어,긴급
220,KE-37342,배터리,건축,"규격:218mm, 중량:32kg, 전압:220V",833,346.8,"ISO 9001, IATF",터키,"엔터프라이즈급 서버, 최대 512GB RAM, 99.99% 가동률",영어+프랑스어,긴급
221,KE-28782,태양광 패널,식품기계,"규격:172mm, 중량:30kg, 전압:220V",278,537,"FDA, CE",중국,"엔터프라이즈급 서버, 최대 512GB RAM, 99.99% 가동률",영어+스페인어,높음
222,KE-81278,건축자재,전자,"규격:363mm, 중량:32kg, 전압:220V",4558,731.5,"KC, UL",베트남,"고강도 자동차 엔진 부품, OEM 품질 인증, 글로벌 호환",영어+스페인어,보통
223,KE-56313,건축자재,의료,"규격:421mm, 중량:5kg, 전압:220V",260,304,"ISO 9001, CE",중국,"AI 기반 스마트 가전, 앱 원격 제어, 음성 인식 지원",영어+독일어,높음
224,KE-93030,섬유/원단,기계,"규격:377mm, 중량:44kg, 전압:220V",1254,139.1,"ISO 9001, IATF",독일,에너지 효율 1등급 LED 조명으로 기존 대비 60% 전력 절감,영어+아랍어,보통
225,KE-98204,LED 조명,기계,"규격:101mm, 중량:23kg, 전압:24V DC",3635,491.3,"KC, UL",남아프리카,"고정밀 산업용 센서, IP67 방수등급, -40°C 극한 환경 동작",영어+아랍어,낮음
226,KE-13356,금속 가공품,IT,"규격:256mm, 중량:47kg, 전압:110V",1523,409.8,"KC, CE, FCC",싱가포르,"고강도 자동차 엔진 부품, OEM 품질 인증, 글로벌 호환",영어+아랍어,긴급
227,KE-26124,섬유/원단,자동차,"규격:483mm, 중량:4kg, 전압:110V",1531,270.7,"KC, UL",말레이시아,"항균 기능성 섬유, 세탁 100회 후에도 항균력 유지",영어+스페인어,보통
228,KE-61161,산업용 센서,식품기계,"규격:378mm, 중량:7kg, 전압:24V DC",118,483.3,"KC, UL",스페인,"히알루론산 함유 기능성 화장품, 피부 보습 48시간 지속",영어+중국어,긴급
229,KE-48942,IT장비,자동차,"규격:460mm, 중량:21kg, 전압:24V DC",349,673.2,"CE, T?V",중국,"고강도 자동차 엔진 부품, OEM 품질 인증, 글로벌 호환",영어,긴급
230,KE-75993,IT장비,기계,"규격:483mm, 중량:8kg, 전압:110V",3161,794.7,"FDA, CE",중국,"히알루론산 함유 기능성 화장품, 피부 보습 48시간 지속",영어,낮음
231,KE-35115,플라스틱 부품,자동차,"규격:230mm, 중량:40kg, 전압:220V",1269,177,"ISO 9001, IATF",브라질,"AI 기반 스마트 가전, 앱 원격 제어, 음성 인식 지원",영어+중국어,낮음
232,KE-73309,의료기기,전자,"규격:315mm, 중량:15kg, 전압:24V DC",4177,348.5,"KC, CE, FCC",멕시코,"고정밀 산업용 센서, IP67 방수등급, -40°C 극한 환경 동작",영어+일어+중국어,낮음
233,KE-83838,반도체 부품,의료,"규격:221mm, 중량:22kg, 전압:220V",644,39.3,ISO 14001,프랑스,"내부식성 건축 자재, 50년 내구 보증, 친환경 인증",영어+스페인어,보통
234,KE-71051,포장재,IT,"규격:223mm, 중량:48kg, 전압:110V",1514,451.8,"ISO 9001, CE",멕시코,"히알루론산 함유 기능성 화장품, 피부 보습 48시간 지속",영어+아랍어,높음
235,KE-28547,포장재,기계,"규격:113mm, 중량:18kg, 전압:220V",4715,117.4,"CE, RoHS",사우디아라비아,에너지 효율 1등급 LED 조명으로 기존 대비 60% 전력 절감,영어+프랑스어,긴급
236,KE-25891,전자부품,전자,"규격:181mm, 중량:29kg, 전압:220V",2835,528.7,"CE, RoHS",UAE,"고강도 자동차 엔진 부품, OEM 품질 인증, 글로벌 호환",영어+독일어,낮음
237,KE-33883,플라스틱 부품,섬유,"규격:443mm, 중량:36kg, 전압:110V",4762,237.8,"ISO 9001, CE",싱가포르,"고강도 자동차 엔진 부품, OEM 품질 인증, 글로벌 호환",영어,낮음
238,KE-10964,IT장비,섬유,"규격:138mm, 중량:16kg, 전압:220V",4264,105.4,"ISO 9001, IATF",스페인,"고강도 자동차 엔진 부품, OEM 품질 인증, 글로벌 호환",영어+중국어,높음
239,KE-66633,공구세트,의료,"규격:353mm, 중량:36kg, 전압:24V DC",4778,267.9,ISO 14001,스페인,"히알루론산 함유 기능성 화장품, 피부 보습 48시간 지속",영어+일어+중국어,보통
240,KE-55167,배터리,식품기계,"규격:437mm, 중량:25kg, 전압:220V",3750,471.1,"CE, T?V",UAE,"내부식성 건축 자재, 50년 내구 보증, 친환경 인증",영어+스페인어,긴급
241,KE-37545,자동차 부품,섬유,"규격:183mm, 중량:36kg, 전압:110V",3273,790,"CE, RoHS",독일,"내부식성 건축 자재, 50년 내구 보증, 친환경 인증",영어+일어+중국어,보통
242,KE-40520,디스플레이,화학,"규격:391mm, 중량:32kg, 전압:220V",3228,359,"FDA, CE",남아프리카,에너지 효율 1등급 LED 조명으로 기존 대비 60% 전력 절감,영어+아랍어,보통
243,KE-93682,섬유/원단,전자,"규격:165mm, 중량:6kg, 전압:24V DC",2775,134.5,"CE, T?V",폴란드,"히알루론산 함유 기능성 화장품, 피부 보습 48시간 지속",영어+일어+중국어,낮음
244,KE-44891,반도체 부품,자동차,"규격:236mm, 중량:5kg, 전압:110V",4163,527.3,"ISO 9001, IATF",폴란드,"히알루론산 함유 기능성 화장품, 피부 보습 48시간 지속",영어,보통
245,KE-63787,산업용 센서,IT,"규격:335mm, 중량:42kg, 전압:24V DC",4458,442.7,"KC, UL",미국,에너지 효율 1등급 LED 조명으로 기존 대비 60% 전력 절감,영어+스페인어,높음
246,KE-29853,전자부품,자동차,"규격:395mm, 중량:34kg, 전압:110V",4776,238.8,"KC, UL",아르헨티나,"내부식성 건축 자재, 50년 내구 보증, 친환경 인증",영어+일어+중국어,높음
247,KE-31076,반도체 부품,기계,"규격:484mm, 중량:41kg, 전압:24V DC",4457,208.2,"CE, RoHS",스페인,"AI 기반 스마트 가전, 앱 원격 제어, 음성 인식 지원",영어,긴급
248,KE-88293,화학원료,기계,"규격:323mm, 중량:5kg, 전압:110V",2042,139.1,"ISO 9001, IATF",태국,"AI 기반 스마트 가전, 앱 원격 제어, 음성 인식 지원",영어+중국어,긴급
249,KE-21354,식품가공기계,전자,"규격:116mm, 중량:40kg, 전압:110V",1082,235.9,"CE, RoHS",영국,"AI 기반 스마트 가전, 앱 원격 제어, 음성 인식 지원",영어+스페인어,낮음
250,KE-99273,IT장비,화학,"규격:307mm, 중량:9kg, 전압:24V DC",537,437,"ISO 9001, CE",스페인,"히알루론산 함유 기능성 화장품, 피부 보습 48시간 지속",영어+일어+중국어,보통
251,KE-16070,화학원료,섬유,"규격:152mm, 중량:37kg, 전압:24V DC",4016,623.5,"KC, CE, FCC",캐나다,"내부식성 건축 자재, 50년 내구 보증, 친환경 인증",영어,낮음
252,KE-54112,LED 조명,식품기계,"규격:466mm, 중량:20kg, 전압:220V",1884,420.3,"KC, UL",싱가포르,에너지 효율 1등급 LED 조명으로 기존 대비 60% 전력 절감,영어+아랍어,보통
253,KE-46494,반도체 부품,IT,"규격:306mm, 중량:21kg, 전압:220V",4298,692,"ISO 9001, CE",멕시코,"내부식성 건축 자재, 50년 내구 보증, 친환경 인증",영어+아랍어,낮음
254,KE-55481,태양광 패널,화학,"규격:481mm, 중량:8kg, 전압:220V",4103,557.6,"FDA, CE",사우디아라비아,"엔터프라이즈급 서버, 최대 512GB RAM, 99.99% 가동률",영어+스페인어,긴급
255,KE-81234,플라스틱 부품,자동차,"규격:101mm, 중량:49kg, 전압:110V",4437,528.1,"KC, CE, FCC",인도,"히알루론산 함유 기능성 화장품, 피부 보습 48시간 지속",영어+일어+중국어,보통
256,KE-94166,산업용 센서,IT,"규격:262mm, 중량:50kg, 전압:220V",2851,713.3,"ISO 9001, IATF",터키,"고정밀 산업용 센서, IP67 방수등급, -40°C 극한 환경 동작",영어+프랑스어,긴급
257,KE-46274,디스플레이,섬유,"규격:249mm, 중량:25kg, 전압:220V",1077,151.3,"KC, UL",프랑스,"AI 기반 스마트 가전, 앱 원격 제어, 음성 인식 지원",영어+아랍어,낮음
258,KE-83216,태양광 패널,식품기계,"규격:169mm, 중량:27kg, 전압:24V DC",3277,235.8,"KC, UL",UAE,"엔터프라이즈급 서버, 최대 512GB RAM, 99.99% 가동률",영어+아랍어,낮음
259,KE-37897,LED 조명,IT,"규격:272mm, 중량:41kg, 전압:110V",3162,483.3,"CE, RoHS",독일,"AI 기반 스마트 가전, 앱 원격 제어, 음성 인식 지원",영어+프랑스어,보통
260,KE-91410,공구세트,의료,"규격:277mm, 중량:43kg, 전압:24V DC",4899,188,"KC, UL",인도네시아,"엔터프라이즈급 서버, 최대 512GB RAM, 99.99% 가동률",영어+프랑스어,높음
261,KE-85856,디스플레이,자동차,"규격:109mm, 중량:36kg, 전압:110V",1708,407.1,"CE, RoHS",미국,"항균 기능성 섬유, 세탁 100회 후에도 항균력 유지",영어+일어+중국어,높음
262,KE-62805,태양광 패널,IT,"규격:116mm, 중량:8kg, 전압:24V DC",2576,20.5,"KC, UL",스페인,"AI 기반 스마트 가전, 앱 원격 제어, 음성 인식 지원",영어+독일어,낮음
263,KE-48166,디스플레이,건축,"규격:289mm, 중량:33kg, 전압:110V",4563,670.1,"CE, RoHS",터키,"고정밀 산업용 센서, IP67 방수등급, -40°C 극한 환경 동작",영어+스페인어,긴급
264,KE-72558,디스플레이,전자,"규격:449mm, 중량:39kg, 전압:110V",3516,223.9,"FDA, CE",멕시코,"엔터프라이즈급 서버, 최대 512GB RAM, 99.99% 가동률",영어,보통
265,KE-92401,스마트 가전,기계,"규격:100mm, 중량:39kg, 전압:24V DC",4797,34.7,"KC, CE, FCC",태국,"히알루론산 함유 기능성 화장품, 피부 보습 48시간 지속",영어+중국어,긴급
266,KE-79727,섬유/원단,IT,"규격:183mm, 중량:42kg, 전압:24V DC",3427,350.3,"KC, CE, FCC",멕시코,"고정밀 산업용 센서, IP67 방수등급, -40°C 극한 환경 동작",영어+아랍어,보통
267,KE-87302,포장재,식품기계,"규격:447mm, 중량:22kg, 전압:110V",1557,634,"CE, RoHS",인도네시아,"히알루론산 함유 기능성 화장품, 피부 보습 48시간 지속",영어+스페인어,긴급
268,KE-61009,산업용 센서,IT,"규격:477mm, 중량:17kg, 전압:24V DC",885,760.1,"KC, UL",독일,"엔터프라이즈급 서버, 최대 512GB RAM, 99.99% 가동률",영어+중국어,긴급
269,KE-43843,스마트 가전,기계,"규격:110mm, 중량:30kg, 전압:24V DC",2133,283.9,"ISO 9001, CE",이탈리아,"고정밀 산업용 센서, IP67 방수등급, -40°C 극한 환경 동작",영어,낮음
270,KE-88896,플라스틱 부품,자동차,"규격:272mm, 중량:14kg, 전압:110V",3687,589.1,"ISO 9001, CE",베트남,"내부식성 건축 자재, 50년 내구 보증, 친환경 인증",영어+스페인어,긴급
271,KE-28924,금속 가공품,건축,"규격:140mm, 중량:38kg, 전압:110V",3107,105.6,"FDA, CE",아르헨티나,"내부식성 건축 자재, 50년 내구 보증, 친환경 인증",영어+일어+중국어,보통
272,KE-93503,공구세트,기계,"규격:256mm, 중량:35kg, 전압:110V",4099,225.4,"KC, UL",터키,"히알루론산 함유 기능성 화장품, 피부 보습 48시간 지속",영어,낮음
273,KE-32962,공구세트,전자,"규격:107mm, 중량:30kg, 전압:220V",4968,82.8,"CE, RoHS",UAE,"내부식성 건축 자재, 50년 내구 보증, 친환경 인증",영어+중국어,낮음
274,KE-22264,스마트 가전,건축,"규격:214mm, 중량:44kg, 전압:24V DC",4800,667,"FDA, CE",말레이시아,"내부식성 건축 자재, 50년 내구 보증, 친환경 인증",영어+일어+중국어,높음
275,KE-35961,산업용 센서,기계,"규격:434mm, 중량:36kg, 전압:220V",398,657.5,"CE, T?V",스페인,"고강도 자동차 엔진 부품, OEM 품질 인증, 글로벌 호환",영어,보통
276,KE-54846,IT장비,섬유,"규격:111mm, 중량:13kg, 전압:24V DC",2921,684.5,"CE, RoHS",아르헨티나,"히알루론산 함유 기능성 화장품, 피부 보습 48시간 지속",영어+일어+중국어,보통
277,KE-27080,전자부품,섬유,"규격:210mm, 중량:37kg, 전압:220V",2654,605.4,"KC, CE, FCC",멕시코,"엔터프라이즈급 서버, 최대 512GB RAM, 99.99% 가동률",영어+아랍어,낮음
278,KE-28070,전자부품,화학,"규격:199mm, 중량:10kg, 전압:220V",578,693,"CE, RoHS",말레이시아,"히알루론산 함유 기능성 화장품, 피부 보습 48시간 지속",영어+일어+중국어,보통
279,KE-98473,산업용 센서,섬유,"규격:174mm, 중량:27kg, 전압:220V",551,514.9,"KC, CE, FCC",프랑스,"항균 기능성 섬유, 세탁 100회 후에도 항균력 유지",영어+프랑스어,보통
280,KE-22032,공구세트,섬유,"규격:436mm, 중량:25kg, 전압:24V DC",2784,762.7,"CE, RoHS",호주,"엔터프라이즈급 서버, 최대 512GB RAM, 99.99% 가동률",영어+중국어,낮음
281,KE-58032,포장재,식품기계,"규격:317mm, 중량:13kg, 전압:24V DC",2286,449.6,"FDA, CE",폴란드,"고정밀 산업용 센서, IP67 방수등급, -40°C 극한 환경 동작",영어+아랍어,높음
282,KE-40168,태양광 패널,건축,"규격:430mm, 중량:3kg, 전압:110V",3088,765.8,"KC, CE, FCC",중국,에너지 효율 1등급 LED 조명으로 기존 대비 60% 전력 절감,영어+일어+중국어,높음
283,KE-71749,식품가공기계,기계,"규격:325mm, 중량:45kg, 전압:24V DC",2772,656.8,"KC, CE, FCC",캐나다,"내부식성 건축 자재, 50년 내구 보증, 친환경 인증",영어,보통
284,KE-87855,LED 조명,화학,"규격:217mm, 중량:32kg, 전압:110V",2521,430.7,"ISO 9001, CE",스페인,"항균 기능성 섬유, 세탁 100회 후에도 항균력 유지",영어,긴급
285,KE-15633,플라스틱 부품,식품기계,"규격:160mm, 중량:2kg, 전압:110V",2212,184.9,"KC, CE, FCC",호주,"고강도 자동차 엔진 부품, OEM 품질 인증, 글로벌 호환",영어+스페인어,낮음
286,KE-77750,전자부품,건축,"규격:367mm, 중량:45kg, 전압:110V",751,673.7,"ISO 9001, CE",UAE,"AI 기반 스마트 가전, 앱 원격 제어, 음성 인식 지원",영어,보통
287,KE-86636,디스플레이,전자,"규격:365mm, 중량:21kg, 전압:110V",4891,711,ISO 14001,폴란드,"AI 기반 스마트 가전, 앱 원격 제어, 음성 인식 지원",영어+일어+중국어,높음
288,KE-51638,반도체 부품,기계,"규격:127mm, 중량:43kg, 전압:220V",1953,596.1,ISO 14001,베트남,"AI 기반 스마트 가전, 앱 원격 제어, 음성 인식 지원",영어+독일어,높음
289,KE-83981,LED 조명,의료,"규격:410mm, 중량:20kg, 전압:24V DC",3626,151.7,"KC, UL",이탈리아,"AI 기반 스마트 가전, 앱 원격 제어, 음성 인식 지원",영어+일어+중국어,보통
290,KE-26413,디스플레이,건축,"규격:267mm, 중량:8kg, 전압:110V",1862,31.2,"KC, UL",호주,"고정밀 산업용 센서, IP67 방수등급, -40°C 극한 환경 동작",영어+스페인어,높음
291,KE-73371,반도체 부품,기계,"규격:409mm, 중량:34kg, 전압:220V",2478,129.8,"CE, RoHS",일본,"항균 기능성 섬유, 세탁 100회 후에도 항균력 유지",영어+독일어,높음
292,KE-22591,산업용 센서,기계,"규격:475mm, 중량:35kg, 전압:24V DC",581,696.2,"KC, CE, FCC",영국,"엔터프라이즈급 서버, 최대 512GB RAM, 99.99% 가동률",영어+프랑스어,보통
293,KE-86208,산업용 센서,자동차,"규격:447mm, 중량:25kg, 전압:24V DC",3207,742.9,"KC, CE, FCC",말레이시아,"히알루론산 함유 기능성 화장품, 피부 보습 48시간 지속",영어+프랑스어,낮음
294,KE-48578,LED 조명,IT,"규격:163mm, 중량:47kg, 전압:24V DC",1242,438.2,"CE, T?V",독일,"AI 기반 스마트 가전, 앱 원격 제어, 음성 인식 지원",영어+아랍어,낮음
295,KE-16509,스마트 가전,화학,"규격:440mm, 중량:11kg, 전압:24V DC",4800,322.5,ISO 14001,이탈리아,"AI 기반 스마트 가전, 앱 원격 제어, 음성 인식 지원",영어+스페인어,높음
296,KE-99545,의료기기,의료,"규격:257mm, 중량:7kg, 전압:220V",557,441.9,ISO 14001,폴란드,"내부식성 건축 자재, 50년 내구 보증, 친환경 인증",영어+일어+중국어,긴급
297,KE-32814,화학원료,건축,"규격:465mm, 중량:44kg, 전압:110V",1065,197.6,"CE, RoHS",멕시코,"고정밀 산업용 센서, IP67 방수등급, -40°C 극한 환경 동작",영어+독일어,높음
298,KE-93503,플라스틱 부품,건축,"규격:222mm, 중량:21kg, 전압:220V",2720,667.4,"KC, CE, FCC",독일,"내부식성 건축 자재, 50년 내구 보증, 친환경 인증",영어+스페인어,보통
299,KE-89833,포장재,기계,"규격:307mm, 중량:23kg, 전압:220V",3071,125.7,"KC, CE, FCC",스페인,에너지 효율 1등급 LED 조명으로 기존 대비 60% 전력 절감,영어+중국어,긴급
300,KE-60684,산업용 센서,IT,"규격:325mm, 중량:21kg, 전압:24V DC",2651,233.9,ISO 14001,싱가포르,"고강도 자동차 엔진 부품, OEM 품질 인증, 글로벌 호환",영어+중국어,낮음
301,KE-32165,자동차 부품,화학,"규격:400mm, 중량:27kg, 전압:220V",3048,541.4,"ISO 9001, CE",브라질,에너지 효율 1등급 LED 조명으로 기존 대비 60% 전력 절감,영어+프랑스어,높음
302,KE-88150,태양광 패널,섬유,"규격:430mm, 중량:33kg, 전압:220V",3477,719.4,ISO 14001,멕시코,"히알루론산 함유 기능성 화장품, 피부 보습 48시간 지속",영어+중국어,보통
303,KE-42024,IT장비,식품기계,"규격:198mm, 중량:49kg, 전압:220V",2769,186.5,"FDA, CE",프랑스,"엔터프라이즈급 서버, 최대 512GB RAM, 99.99% 가동률",영어+프랑스어,낮음
304,KE-53900,의료기기,IT,"규격:272mm, 중량:49kg, 전압:110V",1616,64.1,"FDA, CE",네덜란드,"항균 기능성 섬유, 세탁 100회 후에도 항균력 유지",영어+독일어,긴급
305,KE-26462,전자부품,식품기계,"규격:154mm, 중량:42kg, 전압:24V DC",4572,243,"KC, UL",인도,"엔터프라이즈급 서버, 최대 512GB RAM, 99.99% 가동률",영어+프랑스어,낮음
306,KE-32058,공구세트,자동차,"규격:153mm, 중량:14kg, 전압:110V",2216,577.1,"CE, RoHS",말레이시아,"내부식성 건축 자재, 50년 내구 보증, 친환경 인증",영어+프랑스어,긴급
307,KE-18365,화학원료,의료,"규격:481mm, 중량:37kg, 전압:24V DC",1815,536.5,"KC, UL",터키,"히알루론산 함유 기능성 화장품, 피부 보습 48시간 지속",영어+프랑스어,보통
308,KE-63434,공구세트,의료,"규격:429mm, 중량:47kg, 전압:110V",2419,744.7,"FDA, CE",아르헨티나,에너지 효율 1등급 LED 조명으로 기존 대비 60% 전력 절감,영어+프랑스어,낮음
309,KE-77163,플라스틱 부품,건축,"규격:307mm, 중량:39kg, 전압:110V",3308,215.3,"KC, CE, FCC",캐나다,"고강도 자동차 엔진 부품, OEM 품질 인증, 글로벌 호환",영어,보통
310,KE-16881,자동차 부품,자동차,"규격:431mm, 중량:34kg, 전압:110V",1892,671.6,"CE, RoHS",호주,"항균 기능성 섬유, 세탁 100회 후에도 항균력 유지",영어+독일어,낮음
311,KE-40892,자동차 부품,식품기계,"규격:287mm, 중량:15kg, 전압:220V",2603,786.4,"ISO 9001, CE",터키,"AI 기반 스마트 가전, 앱 원격 제어, 음성 인식 지원",영어+일어+중국어,높음
312,KE-43433,전자부품,건축,"규격:291mm, 중량:35kg, 전압:24V DC",1908,219.2,"KC, CE, FCC",일본,"히알루론산 함유 기능성 화장품, 피부 보습 48시간 지속",영어+스페인어,긴급
313,KE-45619,IT장비,기계,"규격:405mm, 중량:17kg, 전압:110V",3385,475.4,"FDA, CE",태국,"AI 기반 스마트 가전, 앱 원격 제어, 음성 인식 지원",영어+스페인어,보통
314,KE-79855,화학원료,식품기계,"규격:404mm, 중량:3kg, 전압:24V DC",2656,90.7,"CE, T?V",네덜란드,"내부식성 건축 자재, 50년 내구 보증, 친환경 인증",영어+독일어,보통
315,KE-67092,배터리,건축,"규격:163mm, 중량:20kg, 전압:220V",4564,103.5,"CE, T?V",인도네시아,"항균 기능성 섬유, 세탁 100회 후에도 항균력 유지",영어+프랑스어,낮음
316,KE-86795,섬유/원단,의료,"규격:493mm, 중량:40kg, 전압:220V",4101,616.4,"ISO 9001, IATF",태국,에너지 효율 1등급 LED 조명으로 기존 대비 60% 전력 절감,영어,보통
317,KE-97563,포장재,건축,"규격:453mm, 중량:44kg, 전압:24V DC",3390,18.9,"ISO 9001, IATF",싱가포르,"고정밀 산업용 센서, IP67 방수등급, -40°C 극한 환경 동작",영어+스페인어,높음
318,KE-64233,화학원료,자동차,"규격:292mm, 중량:38kg, 전압:24V DC",4288,633.8,ISO 14001,사우디아라비아,"엔터프라이즈급 서버, 최대 512GB RAM, 99.99% 가동률",영어+독일어,긴급
319,KE-20273,의료기기,기계,"규격:271mm, 중량:26kg, 전압:220V",1940,540.2,"KC, CE, FCC",일본,"고정밀 산업용 센서, IP67 방수등급, -40°C 극한 환경 동작",영어+스페인어,낮음
320,KE-59845,LED 조명,화학,"규격:342mm, 중량:39kg, 전압:110V",2886,777.2,ISO 14001,아르헨티나,에너지 효율 1등급 LED 조명으로 기존 대비 60% 전력 절감,영어+스페인어,보통
321,KE-70098,포장재,기계,"규격:176mm, 중량:29kg, 전압:110V",4681,194.2,"CE, T?V",인도네시아,"내부식성 건축 자재, 50년 내구 보증, 친환경 인증",영어+스페인어,보통
322,KE-62157,자동차 부품,건축,"규격:221mm, 중량:8kg, 전압:110V",928,111.9,ISO 14001,멕시코,"AI 기반 스마트 가전, 앱 원격 제어, 음성 인식 지원",영어+프랑스어,긴급
323,KE-85137,건축자재,섬유,"규격:143mm, 중량:35kg, 전압:24V DC",2726,601.8,"CE, RoHS",이탈리아,"내부식성 건축 자재, 50년 내구 보증, 친환경 인증",영어+일어+중국어,높음
324,KE-84249,디스플레이,건축,"규격:474mm, 중량:12kg, 전압:220V",3322,563.2,ISO 14001,말레이시아,"엔터프라이즈급 서버, 최대 512GB RAM, 99.99% 가동률",영어+스페인어,높음
325,KE-32305,배터리,IT,"규격:308mm, 중량:13kg, 전압:220V",188,274.2,"CE, RoHS",미국,에너지 효율 1등급 LED 조명으로 기존 대비 60% 전력 절감,영어+프랑스어,보통
326,KE-34350,디스플레이,전자,"규격:414mm, 중량:25kg, 전압:24V DC",1937,724.2,"KC, UL",프랑스,"엔터프라이즈급 서버, 최대 512GB RAM, 99.99% 가동률",영어+독일어,보통
327,KE-63996,배터리,전자,"규격:116mm, 중량:41kg, 전압:110V",759,662.2,"CE, RoHS",아르헨티나,에너지 효율 1등급 LED 조명으로 기존 대비 60% 전력 절감,영어+프랑스어,높음
328,KE-93196,플라스틱 부품,기계,"규격:324mm, 중량:32kg, 전압:220V",3292,599.8,"ISO 9001, IATF",남아프리카,"AI 기반 스마트 가전, 앱 원격 제어, 음성 인식 지원",영어+스페인어,긴급
329,KE-91198,자동차 부품,섬유,"규격:380mm, 중량:47kg, 전압:24V DC",1943,668.3,"ISO 9001, IATF",독일,"고강도 자동차 엔진 부품, OEM 품질 인증, 글로벌 호환",영어+일어+중국어,높음
330,KE-22736,자동차 부품,의료,"규격:443mm, 중량:46kg, 전압:110V",4435,379.3,ISO 14001,캐나다,"고정밀 산업용 센서, IP67 방수등급, -40°C 극한 환경 동작",영어+중국어,긴급
331,KE-97423,태양광 패널,의료,"규격:222mm, 중량:28kg, 전압:24V DC",1934,93.9,"FDA, CE",UAE,"항균 기능성 섬유, 세탁 100회 후에도 항균력 유지",영어+중국어,긴급
332,KE-17537,배터리,건축,"규격:252mm, 중량:44kg, 전압:220V",3901,514.2,ISO 14001,멕시코,에너지 효율 1등급 LED 조명으로 기존 대비 60% 전력 절감,영어+일어+중국어,낮음
333,KE-89026,금속 가공품,화학,"규격:194mm, 중량:7kg, 전압:110V",1432,695.7,"KC, UL",남아프리카,에너지 효율 1등급 LED 조명으로 기존 대비 60% 전력 절감,영어+프랑스어,보통
334,KE-20118,태양광 패널,건축,"규격:468mm, 중량:19kg, 전압:110V",1672,536.6,"ISO 9001, CE",독일,"AI 기반 스마트 가전, 앱 원격 제어, 음성 인식 지원",영어+독일어,낮음
335,KE-64734,건축자재,전자,"규격:280mm, 중량:5kg, 전압:220V",2036,497.4,ISO 14001,중국,에너지 효율 1등급 LED 조명으로 기존 대비 60% 전력 절감,영어+일어+중국어,긴급
336,KE-41481,공구세트,의료,"규격:244mm, 중량:48kg, 전압:110V",4978,562.3,"FDA, CE",싱가포르,"엔터프라이즈급 서버, 최대 512GB RAM, 99.99% 가동률",영어+독일어,높음
337,KE-69900,화학원료,자동차,"규격:315mm, 중량:2kg, 전압:24V DC",2587,359.5,"FDA, CE",인도네시아,"고강도 자동차 엔진 부품, OEM 품질 인증, 글로벌 호환",영어,높음
338,KE-27523,산업용 센서,섬유,"규격:388mm, 중량:16kg, 전압:110V",924,566.1,"KC, CE, FCC",태국,"AI 기반 스마트 가전, 앱 원격 제어, 음성 인식 지원",영어+일어+중국어,보통
339,KE-49459,포장재,기계,"규격:120mm, 중량:11kg, 전압:24V DC",2022,126.2,"CE, T?V",브라질,"고강도 자동차 엔진 부품, OEM 품질 인증, 글로벌 호환",영어+프랑스어,보통
340,KE-83134,IT장비,IT,"규격:244mm, 중량:29kg, 전압:110V",2582,135.4,"ISO 9001, IATF",아르헨티나,"고정밀 산업용 센서, IP67 방수등급, -40°C 극한 환경 동작",영어+스페인어,낮음
341,KE-21079,플라스틱 부품,건축,"규격:279mm, 중량:23kg, 전압:110V",2511,634.2,"KC, CE, FCC",싱가포르,"고정밀 산업용 센서, IP67 방수등급, -40°C 극한 환경 동작",영어+일어+중국어,보통
342,KE-15599,LED 조명,섬유,"규격:204mm, 중량:50kg, 전압:24V DC",2536,171.5,"KC, UL",터키,에너지 효율 1등급 LED 조명으로 기존 대비 60% 전력 절감,영어+일어+중국어,낮음
343,KE-52073,건축자재,IT,"규격:420mm, 중량:17kg, 전압:220V",4282,494.9,"ISO 9001, CE",스페인,에너지 효율 1등급 LED 조명으로 기존 대비 60% 전력 절감,영어+중국어,낮음
344,KE-35102,산업용 센서,전자,"규격:377mm, 중량:6kg, 전압:220V",3724,81.8,"FDA, CE",독일,"고정밀 산업용 센서, IP67 방수등급, -40°C 극한 환경 동작",영어,낮음
345,KE-50448,화장품,전자,"규격:470mm, 중량:31kg, 전압:24V DC",1445,94.5,"CE, T?V",UAE,"AI 기반 스마트 가전, 앱 원격 제어, 음성 인식 지원",영어+일어+중국어,보통
346,KE-16815,전자부품,기계,"규격:182mm, 중량:28kg, 전압:220V",3103,772.3,"ISO 9001, CE",중국,"고강도 자동차 엔진 부품, OEM 품질 인증, 글로벌 호환",영어+아랍어,높음
347,KE-37049,의료기기,기계,"규격:291mm, 중량:26kg, 전압:220V",501,575,"KC, CE, FCC",프랑스,"내부식성 건축 자재, 50년 내구 보증, 친환경 인증",영어+아랍어,긴급
348,KE-50796,섬유/원단,식품기계,"규격:215mm, 중량:37kg, 전압:24V DC",1810,798.3,"ISO 9001, IATF",태국,에너지 효율 1등급 LED 조명으로 기존 대비 60% 전력 절감,영어+프랑스어,보통
349,KE-71510,산업용 센서,건축,"규격:143mm, 중량:30kg, 전압:24V DC",590,176.8,"ISO 9001, IATF",브라질,"항균 기능성 섬유, 세탁 100회 후에도 항균력 유지",영어+중국어,낮음
350,KE-39189,자동차 부품,화학,"규격:174mm, 중량:5kg, 전압:110V",897,341.3,"KC, CE, FCC",터키,"항균 기능성 섬유, 세탁 100회 후에도 항균력 유지",영어+아랍어,낮음
351,KE-62241,디스플레이,의료,"규격:123mm, 중량:6kg, 전압:24V DC",1710,25.1,"CE, T?V",중국,"엔터프라이즈급 서버, 최대 512GB RAM, 99.99% 가동률",영어+스페인어,보통
352,KE-75733,포장재,전자,"규격:361mm, 중량:39kg, 전압:220V",1557,288.8,ISO 14001,프랑스,"고강도 자동차 엔진 부품, OEM 품질 인증, 글로벌 호환",영어+일어+중국어,보통
353,KE-66286,전자부품,섬유,"규격:322mm, 중량:16kg, 전압:24V DC",3516,352.4,"FDA, CE",폴란드,에너지 효율 1등급 LED 조명으로 기존 대비 60% 전력 절감,영어+스페인어,보통
354,KE-88118,플라스틱 부품,전자,"규격:229mm, 중량:50kg, 전압:220V",3687,44.3,ISO 14001,베트남,"내부식성 건축 자재, 50년 내구 보증, 친환경 인증",영어+중국어,높음
355,KE-48441,디스플레이,전자,"규격:320mm, 중량:18kg, 전압:220V",973,511.7,"CE, RoHS",폴란드,에너지 효율 1등급 LED 조명으로 기존 대비 60% 전력 절감,영어+프랑스어,낮음
356,KE-86705,화학원료,식품기계,"규격:186mm, 중량:48kg, 전압:220V",1107,414.4,"CE, T?V",중국,"내부식성 건축 자재, 50년 내구 보증, 친환경 인증",영어+스페인어,낮음
357,KE-21746,반도체 부품,건축,"규격:229mm, 중량:21kg, 전압:110V",2157,41.6,"KC, UL",미국,"엔터프라이즈급 서버, 최대 512GB RAM, 99.99% 가동률",영어+스페인어,높음
358,KE-91404,디스플레이,의료,"규격:228mm, 중량:25kg, 전압:110V",4792,365,"CE, RoHS",스페인,"항균 기능성 섬유, 세탁 100회 후에도 항균력 유지",영어+일어+중국어,낮음
359,KE-51848,디스플레이,기계,"규격:204mm, 중량:11kg, 전압:220V",2744,469.7,"KC, UL",멕시코,"내부식성 건축 자재, 50년 내구 보증, 친환경 인증",영어+중국어,낮음
360,KE-11446,포장재,의료,"규격:448mm, 중량:30kg, 전압:220V",2894,36.7,"CE, T?V",일본,"히알루론산 함유 기능성 화장품, 피부 보습 48시간 지속",영어+프랑스어,높음
361,KE-14264,IT장비,전자,"규격:456mm, 중량:18kg, 전압:220V",4217,588,"KC, CE, FCC",폴란드,"내부식성 건축 자재, 50년 내구 보증, 친환경 인증",영어,높음
362,KE-59635,IT장비,섬유,"규격:214mm, 중량:14kg, 전압:110V",1390,31.5,"ISO 9001, IATF",남아프리카,"고정밀 산업용 센서, IP67 방수등급, -40°C 극한 환경 동작",영어+아랍어,높음
363,KE-65987,전자부품,식품기계,"규격:444mm, 중량:35kg, 전압:24V DC",1570,157.6,"ISO 9001, IATF",인도,"고강도 자동차 엔진 부품, OEM 품질 인증, 글로벌 호환",영어+아랍어,보통
364,KE-64492,태양광 패널,의료,"규격:120mm, 중량:21kg, 전압:24V DC",3151,542.6,"KC, CE, FCC",중국,"항균 기능성 섬유, 세탁 100회 후에도 항균력 유지",영어+아랍어,긴급
365,KE-55129,플라스틱 부품,섬유,"규격:143mm, 중량:49kg, 전압:220V",192,162.6,"ISO 9001, CE",아르헨티나,"고강도 자동차 엔진 부품, OEM 품질 인증, 글로벌 호환",영어+중국어,높음
366,KE-31464,건축자재,자동차,"규격:476mm, 중량:23kg, 전압:220V",3954,89.1,"ISO 9001, IATF",독일,"항균 기능성 섬유, 세탁 100회 후에도 항균력 유지",영어+프랑스어,낮음
367,KE-49888,화학원료,기계,"규격:443mm, 중량:16kg, 전압:110V",2017,72.7,"CE, T?V",브라질,"고강도 자동차 엔진 부품, OEM 품질 인증, 글로벌 호환",영어+중국어,긴급
368,KE-84769,IT장비,의료,"규격:148mm, 중량:23kg, 전압:110V",4955,635.2,"KC, UL",터키,"히알루론산 함유 기능성 화장품, 피부 보습 48시간 지속",영어+스페인어,보통
369,KE-74363,배터리,화학,"규격:434mm, 중량:29kg, 전압:220V",4739,527.8,"ISO 9001, IATF",인도네시아,"고강도 자동차 엔진 부품, OEM 품질 인증, 글로벌 호환",영어+스페인어,긴급
370,KE-70130,의료기기,자동차,"규격:281mm, 중량:3kg, 전압:24V DC",2544,162.2,ISO 14001,폴란드,"고정밀 산업용 센서, IP67 방수등급, -40°C 극한 환경 동작",영어+독일어,낮음
371,KE-65472,디스플레이,섬유,"규격:222mm, 중량:24kg, 전압:220V",4945,267.9,"CE, RoHS",터키,"히알루론산 함유 기능성 화장품, 피부 보습 48시간 지속",영어+중국어,긴급
372,KE-42734,IT장비,건축,"규격:330mm, 중량:34kg, 전압:24V DC",3486,531,"KC, CE, FCC",터키,"엔터프라이즈급 서버, 최대 512GB RAM, 99.99% 가동률",영어+일어+중국어,긴급
373,KE-55139,공구세트,식품기계,"규격:146mm, 중량:3kg, 전압:24V DC",260,75.3,"ISO 9001, IATF",일본,"항균 기능성 섬유, 세탁 100회 후에도 항균력 유지",영어,긴급
374,KE-51804,자동차 부품,전자,"규격:264mm, 중량:12kg, 전압:110V",3691,405.8,"FDA, CE",멕시코,"엔터프라이즈급 서버, 최대 512GB RAM, 99.99% 가동률",영어+스페인어,높음
375,KE-68464,의료기기,IT,"규격:132mm, 중량:11kg, 전압:220V",1751,82.9,"FDA, CE",중국,"항균 기능성 섬유, 세탁 100회 후에도 항균력 유지",영어+일어+중국어,낮음
376,KE-23549,포장재,기계,"규격:103mm, 중량:13kg, 전압:24V DC",4952,251.2,ISO 14001,브라질,"내부식성 건축 자재, 50년 내구 보증, 친환경 인증",영어+스페인어,낮음
377,KE-27030,디스플레이,화학,"규격:333mm, 중량:40kg, 전압:220V",1933,82.8,ISO 14001,영국,에너지 효율 1등급 LED 조명으로 기존 대비 60% 전력 절감,영어+독일어,낮음
378,KE-31214,섬유/원단,의료,"규격:181mm, 중량:16kg, 전압:24V DC",1790,258.4,"ISO 9001, IATF",프랑스,"히알루론산 함유 기능성 화장품, 피부 보습 48시간 지속",영어+일어+중국어,높음
379,KE-30765,자동차 부품,기계,"규격:450mm, 중량:26kg, 전압:110V",1749,423,"CE, RoHS",터키,"AI 기반 스마트 가전, 앱 원격 제어, 음성 인식 지원",영어+스페인어,보통
380,KE-86676,공구세트,식품기계,"규격:384mm, 중량:31kg, 전압:220V",4350,697.5,ISO 14001,폴란드,"내부식성 건축 자재, 50년 내구 보증, 친환경 인증",영어+프랑스어,보통
381,KE-22665,식품가공기계,기계,"규격:194mm, 중량:50kg, 전압:24V DC",506,659.6,"ISO 9001, IATF",폴란드,에너지 효율 1등급 LED 조명으로 기존 대비 60% 전력 절감,영어+아랍어,높음
382,KE-75497,플라스틱 부품,IT,"규격:301mm, 중량:36kg, 전압:220V",3082,201.6,"CE, RoHS",사우디아라비아,"고정밀 산업용 센서, IP67 방수등급, -40°C 극한 환경 동작",영어+일어+중국어,보통
383,KE-96861,섬유/원단,식품기계,"규격:317mm, 중량:21kg, 전압:220V",1089,82.9,"ISO 9001, CE",인도,"AI 기반 스마트 가전, 앱 원격 제어, 음성 인식 지원",영어+프랑스어,낮음
384,KE-19815,자동차 부품,전자,"규격:121mm, 중량:8kg, 전압:24V DC",4172,605,"CE, RoHS",사우디아라비아,"히알루론산 함유 기능성 화장품, 피부 보습 48시간 지속",영어+중국어,보통
385,KE-21478,자동차 부품,섬유,"규격:388mm, 중량:43kg, 전압:24V DC",3784,377.5,"KC, UL",멕시코,"엔터프라이즈급 서버, 최대 512GB RAM, 99.99% 가동률",영어+일어+중국어,높음
386,KE-48850,건축자재,전자,"규격:394mm, 중량:10kg, 전압:24V DC",4957,299.6,"KC, UL",말레이시아,"AI 기반 스마트 가전, 앱 원격 제어, 음성 인식 지원",영어+일어+중국어,낮음
387,KE-92710,스마트 가전,의료,"규격:264mm, 중량:36kg, 전압:220V",3537,45.7,"CE, T?V",독일,"AI 기반 스마트 가전, 앱 원격 제어, 음성 인식 지원",영어+프랑스어,낮음
388,KE-55769,LED 조명,화학,"규격:302mm, 중량:34kg, 전압:24V DC",1524,385.6,"CE, T?V",호주,"히알루론산 함유 기능성 화장품, 피부 보습 48시간 지속",영어+스페인어,긴급
389,KE-78513,자동차 부품,IT,"규격:240mm, 중량:47kg, 전압:110V",666,18.4,"KC, UL",호주,"항균 기능성 섬유, 세탁 100회 후에도 항균력 유지",영어,낮음
390,KE-96008,배터리,IT,"규격:153mm, 중량:9kg, 전압:220V",1002,754.6,"CE, T?V",브라질,에너지 효율 1등급 LED 조명으로 기존 대비 60% 전력 절감,영어+스페인어,보통
391,KE-74248,의료기기,IT,"규격:336mm, 중량:47kg, 전압:110V",3345,84,"CE, RoHS",프랑스,"AI 기반 스마트 가전, 앱 원격 제어, 음성 인식 지원",영어+스페인어,높음
392,KE-81424,공구세트,의료,"규격:119mm, 중량:24kg, 전압:110V",201,300.1,"ISO 9001, CE",태국,"고정밀 산업용 센서, IP67 방수등급, -40°C 극한 환경 동작",영어+중국어,보통
393,KE-74742,플라스틱 부품,섬유,"규격:288mm, 중량:30kg, 전압:24V DC",840,763.9,"KC, UL",브라질,"내부식성 건축 자재, 50년 내구 보증, 친환경 인증",영어+스페인어,보통
394,KE-51442,반도체 부품,섬유,"규격:308mm, 중량:5kg, 전압:220V",4079,577.7,"CE, RoHS",아르헨티나,"고정밀 산업용 센서, IP67 방수등급, -40°C 극한 환경 동작",영어+중국어,낮음
395,KE-96761,건축자재,기계,"규격:211mm, 중량:37kg, 전압:220V",2021,644.9,"CE, RoHS",터키,에너지 효율 1등급 LED 조명으로 기존 대비 60% 전력 절감,영어+독일어,긴급
396,KE-79159,화장품,의료,"규격:260mm, 중량:15kg, 전압:24V DC",541,121.9,"FDA, CE",태국,"고정밀 산업용 센서, IP67 방수등급, -40°C 극한 환경 동작",영어+프랑스어,긴급
397,KE-67640,태양광 패널,전자,"규격:202mm, 중량:19kg, 전압:110V",3587,30,"FDA, CE",베트남,"고강도 자동차 엔진 부품, OEM 품질 인증, 글로벌 호환",영어+스페인어,낮음
398,KE-76035,식품가공기계,자동차,"규격:223mm, 중량:48kg, 전압:110V",3106,25.8,"ISO 9001, CE",미국,"AI 기반 스마트 가전, 앱 원격 제어, 음성 인식 지원",영어+중국어,보통
399,KE-78763,태양광 패널,의료,"규격:458mm, 중량:35kg, 전압:110V",3128,779.9,"ISO 9001, CE",호주,"고정밀 산업용 센서, IP67 방수등급, -40°C 극한 환경 동작",영어+스페인어,높음
400,KE-34615,식품가공기계,건축,"규격:470mm, 중량:2kg, 전압:110V",4087,469.4,"KC, UL",미국,"AI 기반 스마트 가전, 앱 원격 제어, 음성 인식 지원",영어,높음
401,KE-88999,포장재,IT,"규격:186mm, 중량:23kg, 전압:24V DC",2111,430.2,"CE, RoHS",베트남,"엔터프라이즈급 서버, 최대 512GB RAM, 99.99% 가동률",영어+아랍어,긴급
402,KE-29107,태양광 패널,전자,"규격:382mm, 중량:26kg, 전압:220V",2597,427.4,"CE, T?V",말레이시아,"히알루론산 함유 기능성 화장품, 피부 보습 48시간 지속",영어+일어+중국어,긴급
403,KE-24116,LED 조명,식품기계,"규격:270mm, 중량:7kg, 전압:220V",4635,98.4,"ISO 9001, IATF",아르헨티나,"고정밀 산업용 센서, IP67 방수등급, -40°C 극한 환경 동작",영어+독일어,낮음
404,KE-19664,식품가공기계,화학,"규격:208mm, 중량:46kg, 전압:110V",1885,580.5,"CE, T?V",이탈리아,"AI 기반 스마트 가전, 앱 원격 제어, 음성 인식 지원",영어+아랍어,낮음
405,KE-78724,포장재,기계,"규격:275mm, 중량:15kg, 전압:110V",3720,85.1,"KC, CE, FCC",캐나다,"내부식성 건축 자재, 50년 내구 보증, 친환경 인증",영어+스페인어,높음
406,KE-61980,공구세트,기계,"규격:218mm, 중량:9kg, 전압:220V",3704,303.6,ISO 14001,영국,"엔터프라이즈급 서버, 최대 512GB RAM, 99.99% 가동률",영어,보통
407,KE-65757,스마트 가전,건축,"규격:203mm, 중량:43kg, 전압:110V",1660,290.9,"ISO 9001, IATF",멕시코,"항균 기능성 섬유, 세탁 100회 후에도 항균력 유지",영어+프랑스어,낮음
408,KE-26605,섬유/원단,식품기계,"규격:307mm, 중량:26kg, 전압:110V",3055,689.2,"KC, UL",호주,"고강도 자동차 엔진 부품, OEM 품질 인증, 글로벌 호환",영어+일어+중국어,보통
409,KE-18080,화장품,의료,"규격:412mm, 중량:41kg, 전압:24V DC",318,363.2,"KC, CE, FCC",중국,"엔터프라이즈급 서버, 최대 512GB RAM, 99.99% 가동률",영어+아랍어,높음
410,KE-10116,의료기기,섬유,"규격:190mm, 중량:29kg, 전압:220V",4134,789.1,"KC, CE, FCC",싱가포르,"내부식성 건축 자재, 50년 내구 보증, 친환경 인증",영어+스페인어,보통
411,KE-21166,IT장비,기계,"규격:149mm, 중량:5kg, 전압:220V",3538,275.4,"ISO 9001, IATF",이탈리아,"히알루론산 함유 기능성 화장품, 피부 보습 48시간 지속",영어+일어+중국어,긴급
412,KE-85385,스마트 가전,식품기계,"규격:213mm, 중량:18kg, 전압:24V DC",1584,187.1,"ISO 9001, IATF",호주,"내부식성 건축 자재, 50년 내구 보증, 친환경 인증",영어+스페인어,낮음
413,KE-53166,전자부품,식품기계,"규격:246mm, 중량:1kg, 전압:220V",1060,608.5,"KC, UL",싱가포르,"내부식성 건축 자재, 50년 내구 보증, 친환경 인증",영어+프랑스어,긴급
414,KE-91667,플라스틱 부품,화학,"규격:429mm, 중량:18kg, 전압:110V",729,257.4,"FDA, CE",남아프리카,"AI 기반 스마트 가전, 앱 원격 제어, 음성 인식 지원",영어+일어+중국어,긴급
415,KE-73083,공구세트,건축,"규격:306mm, 중량:1kg, 전압:110V",1336,153.6,ISO 14001,이탈리아,"내부식성 건축 자재, 50년 내구 보증, 친환경 인증",영어+중국어,긴급
416,KE-80882,산업용 센서,건축,"규격:332mm, 중량:8kg, 전압:24V DC",2669,766.8,"KC, UL",싱가포르,"항균 기능성 섬유, 세탁 100회 후에도 항균력 유지",영어+스페인어,보통
417,KE-49943,건축자재,섬유,"규격:350mm, 중량:39kg, 전압:220V",1835,717.3,"KC, UL",UAE,에너지 효율 1등급 LED 조명으로 기존 대비 60% 전력 절감,영어+독일어,긴급
418,KE-83128,화장품,기계,"규격:273mm, 중량:6kg, 전압:24V DC",3960,522.9,"KC, CE, FCC",이탈리아,"고강도 자동차 엔진 부품, OEM 품질 인증, 글로벌 호환",영어,보통
419,KE-59121,의료기기,화학,"규격:130mm, 중량:24kg, 전압:110V",2626,634.3,"KC, CE, FCC",베트남,"고강도 자동차 엔진 부품, OEM 품질 인증, 글로벌 호환",영어+아랍어,높음
420,KE-16377,산업용 센서,식품기계,"규격:441mm, 중량:13kg, 전압:110V",4699,109.4,"CE, T?V",브라질,에너지 효율 1등급 LED 조명으로 기존 대비 60% 전력 절감,영어+아랍어,낮음
421,KE-25654,섬유/원단,자동차,"규격:272mm, 중량:24kg, 전압:24V DC",3864,293.7,"ISO 9001, IATF",폴란드,"항균 기능성 섬유, 세탁 100회 후에도 항균력 유지",영어+프랑스어,긴급
422,KE-26601,금속 가공품,전자,"규격:102mm, 중량:21kg, 전압:24V DC",2142,101.4,"ISO 9001, CE",프랑스,"AI 기반 스마트 가전, 앱 원격 제어, 음성 인식 지원",영어+아랍어,긴급
423,KE-45025,공구세트,IT,"규격:185mm, 중량:46kg, 전압:24V DC",447,306.6,"KC, UL",일본,"내부식성 건축 자재, 50년 내구 보증, 친환경 인증",영어,낮음
424,KE-90242,산업용 센서,섬유,"규격:439mm, 중량:7kg, 전압:24V DC",1570,566.9,ISO 14001,미국,"히알루론산 함유 기능성 화장품, 피부 보습 48시간 지속",영어+일어+중국어,보통
425,KE-97476,디스플레이,전자,"규격:490mm, 중량:13kg, 전압:110V",3359,194.9,"CE, RoHS",중국,"엔터프라이즈급 서버, 최대 512GB RAM, 99.99% 가동률",영어+스페인어,긴급
426,KE-13160,금속 가공품,의료,"규격:129mm, 중량:44kg, 전압:24V DC",523,569.9,"FDA, CE",네덜란드,"AI 기반 스마트 가전, 앱 원격 제어, 음성 인식 지원",영어+스페인어,긴급
427,KE-84609,식품가공기계,자동차,"규격:304mm, 중량:16kg, 전압:220V",132,626.8,"KC, UL",사우디아라비아,"항균 기능성 섬유, 세탁 100회 후에도 항균력 유지",영어+아랍어,보통
428,KE-91593,태양광 패널,의료,"규격:174mm, 중량:48kg, 전압:110V",335,463.2,"KC, UL",UAE,"히알루론산 함유 기능성 화장품, 피부 보습 48시간 지속",영어+일어+중국어,긴급
429,KE-69521,IT장비,의료,"규격:162mm, 중량:41kg, 전압:24V DC",1342,756.1,"CE, T?V",사우디아라비아,"고정밀 산업용 센서, IP67 방수등급, -40°C 극한 환경 동작",영어,보통
430,KE-30966,스마트 가전,자동차,"규격:298mm, 중량:29kg, 전압:24V DC",4365,562.3,"ISO 9001, CE",말레이시아,"항균 기능성 섬유, 세탁 100회 후에도 항균력 유지",영어+프랑스어,높음
431,KE-19167,공구세트,기계,"규격:120mm, 중량:49kg, 전압:110V",3624,276.1,"FDA, CE",사우디아라비아,"AI 기반 스마트 가전, 앱 원격 제어, 음성 인식 지원",영어+아랍어,긴급
432,KE-54842,금속 가공품,IT,"규격:438mm, 중량:36kg, 전압:220V",4278,443.4,"KC, UL",중국,"고강도 자동차 엔진 부품, OEM 품질 인증, 글로벌 호환",영어+독일어,긴급
433,KE-16494,산업용 센서,식품기계,"규격:224mm, 중량:43kg, 전압:24V DC",826,660.3,"ISO 9001, IATF",네덜란드,"항균 기능성 섬유, 세탁 100회 후에도 항균력 유지",영어+스페인어,높음
434,KE-54219,IT장비,건축,"규격:226mm, 중량:38kg, 전압:24V DC",4261,96.8,"FDA, CE",브라질,"AI 기반 스마트 가전, 앱 원격 제어, 음성 인식 지원",영어+독일어,긴급
435,KE-40575,산업용 센서,기계,"규격:141mm, 중량:14kg, 전압:24V DC",2061,797.6,"CE, RoHS",중국,에너지 효율 1등급 LED 조명으로 기존 대비 60% 전력 절감,영어+프랑스어,긴급
436,KE-18233,건축자재,식품기계,"규격:382mm, 중량:6kg, 전압:110V",1798,196.1,"ISO 9001, IATF",일본,"히알루론산 함유 기능성 화장품, 피부 보습 48시간 지속",영어+독일어,긴급
437,KE-39962,의료기기,섬유,"규격:307mm, 중량:37kg, 전압:24V DC",2742,483.2,"KC, CE, FCC",터키,"엔터프라이즈급 서버, 최대 512GB RAM, 99.99% 가동률",영어+아랍어,보통
438,KE-17690,플라스틱 부품,기계,"규격:433mm, 중량:19kg, 전압:24V DC",519,336.4,"ISO 9001, CE",멕시코,"히알루론산 함유 기능성 화장품, 피부 보습 48시간 지속",영어,보통
439,KE-71467,화장품,섬유,"규격:250mm, 중량:9kg, 전압:24V DC",2113,793.7,"ISO 9001, CE",프랑스,"고정밀 산업용 센서, IP67 방수등급, -40°C 극한 환경 동작",영어+스페인어,긴급
440,KE-36857,섬유/원단,IT,"규격:326mm, 중량:40kg, 전압:24V DC",1807,622.5,"CE, RoHS",일본,"고정밀 산업용 센서, IP67 방수등급, -40°C 극한 환경 동작",영어+프랑스어,낮음
441,KE-74358,산업용 센서,자동차,"규격:181mm, 중량:5kg, 전압:220V",863,52.7,"KC, UL",멕시코,"엔터프라이즈급 서버, 최대 512GB RAM, 99.99% 가동률",영어+독일어,높음
442,KE-13341,반도체 부품,기계,"규격:109mm, 중량:29kg, 전압:24V DC",4281,233.5,"FDA, CE",캐나다,"항균 기능성 섬유, 세탁 100회 후에도 항균력 유지",영어+독일어,긴급
443,KE-20869,공구세트,식품기계,"규격:157mm, 중량:39kg, 전압:24V DC",2972,239.7,"KC, CE, FCC",UAE,"히알루론산 함유 기능성 화장품, 피부 보습 48시간 지속",영어+일어+중국어,낮음
444,KE-80205,식품가공기계,건축,"규격:269mm, 중량:16kg, 전압:24V DC",2795,401.4,"ISO 9001, CE",폴란드,"히알루론산 함유 기능성 화장품, 피부 보습 48시간 지속",영어+아랍어,높음
445,KE-99676,플라스틱 부품,의료,"규격:106mm, 중량:48kg, 전압:110V",487,326.7,ISO 14001,아르헨티나,"AI 기반 스마트 가전, 앱 원격 제어, 음성 인식 지원",영어+독일어,높음
446,KE-44822,태양광 패널,식품기계,"규격:306mm, 중량:15kg, 전압:110V",4356,545.7,"ISO 9001, CE",아르헨티나,"AI 기반 스마트 가전, 앱 원격 제어, 음성 인식 지원",영어+아랍어,낮음
447,KE-35859,LED 조명,전자,"규격:275mm, 중량:1kg, 전압:24V DC",863,434.7,"CE, RoHS",미국,"내부식성 건축 자재, 50년 내구 보증, 친환경 인증",영어+스페인어,긴급
448,KE-50460,디스플레이,섬유,"규격:416mm, 중량:18kg, 전압:110V",117,453.4,"KC, UL",아르헨티나,"내부식성 건축 자재, 50년 내구 보증, 친환경 인증",영어+프랑스어,긴급
449,KE-56933,LED 조명,화학,"규격:119mm, 중량:48kg, 전압:110V",1529,616.4,"ISO 9001, CE",남아프리카,"항균 기능성 섬유, 세탁 100회 후에도 항균력 유지",영어+중국어,높음
450,KE-64723,반도체 부품,섬유,"규격:335mm, 중량:49kg, 전압:110V",4441,382.8,"KC, UL",일본,"내부식성 건축 자재, 50년 내구 보증, 친환경 인증",영어+일어+중국어,낮음
451,KE-13662,금속 가공품,IT,"규격:432mm, 중량:31kg, 전압:110V",3822,148.2,"CE, RoHS",UAE,"엔터프라이즈급 서버, 최대 512GB RAM, 99.99% 가동률",영어+스페인어,긴급
452,KE-31274,반도체 부품,화학,"규격:419mm, 중량:11kg, 전압:220V",577,499.4,"KC, UL",멕시코,"히알루론산 함유 기능성 화장품, 피부 보습 48시간 지속",영어,보통
453,KE-72332,반도체 부품,의료,"규격:269mm, 중량:27kg, 전압:220V",229,114.3,"ISO 9001, CE",인도,"고정밀 산업용 센서, IP67 방수등급, -40°C 극한 환경 동작",영어,높음
454,KE-14468,식품가공기계,건축,"규격:428mm, 중량:4kg, 전압:220V",1536,466.6,"CE, RoHS",멕시코,"히알루론산 함유 기능성 화장품, 피부 보습 48시간 지속",영어,보통
455,KE-97697,디스플레이,식품기계,"규격:269mm, 중량:21kg, 전압:24V DC",4674,106.4,"ISO 9001, CE",싱가포르,"항균 기능성 섬유, 세탁 100회 후에도 항균력 유지",영어+중국어,높음
456,KE-73871,배터리,건축,"규격:400mm, 중량:18kg, 전압:220V",1364,601.7,"ISO 9001, CE",프랑스,에너지 효율 1등급 LED 조명으로 기존 대비 60% 전력 절감,영어+일어+중국어,보통
457,KE-80829,디스플레이,식품기계,"규격:411mm, 중량:24kg, 전압:220V",3763,183.6,"FDA, CE",일본,"고정밀 산업용 센서, IP67 방수등급, -40°C 극한 환경 동작",영어+아랍어,보통
458,KE-20725,공구세트,전자,"규격:269mm, 중량:26kg, 전압:220V",3775,289.2,"FDA, CE",싱가포르,"고정밀 산업용 센서, IP67 방수등급, -40°C 극한 환경 동작",영어+독일어,높음
459,KE-15336,건축자재,섬유,"규격:251mm, 중량:34kg, 전압:24V DC",2493,530.9,"KC, UL",브라질,"내부식성 건축 자재, 50년 내구 보증, 친환경 인증",영어+중국어,높음
460,KE-13444,금속 가공품,IT,"규격:205mm, 중량:15kg, 전압:110V",2601,457.4,"ISO 9001, CE",사우디아라비아,에너지 효율 1등급 LED 조명으로 기존 대비 60% 전력 절감,영어+프랑스어,보통
461,KE-97440,화장품,자동차,"규격:455mm, 중량:41kg, 전압:24V DC",2259,138.4,"KC, UL",프랑스,"AI 기반 스마트 가전, 앱 원격 제어, 음성 인식 지원",영어,낮음
462,KE-86966,IT장비,건축,"규격:132mm, 중량:13kg, 전압:220V",1221,431.9,"ISO 9001, IATF",멕시코,"고강도 자동차 엔진 부품, OEM 품질 인증, 글로벌 호환",영어+프랑스어,낮음
463,KE-44013,식품가공기계,화학,"규격:306mm, 중량:26kg, 전압:220V",1481,330,ISO 14001,인도네시아,"엔터프라이즈급 서버, 최대 512GB RAM, 99.99% 가동률",영어+아랍어,보통
464,KE-24882,태양광 패널,의료,"규격:400mm, 중량:6kg, 전압:220V",690,160.5,"CE, RoHS",베트남,"고정밀 산업용 센서, IP67 방수등급, -40°C 극한 환경 동작",영어+독일어,긴급
465,KE-40780,디스플레이,전자,"규격:188mm, 중량:15kg, 전압:220V",400,141.4,ISO 14001,UAE,"고강도 자동차 엔진 부품, OEM 품질 인증, 글로벌 호환",영어,낮음
466,KE-80023,공구세트,자동차,"규격:229mm, 중량:44kg, 전압:24V DC",1875,388,"KC, UL",스페인,에너지 효율 1등급 LED 조명으로 기존 대비 60% 전력 절감,영어+프랑스어,높음
467,KE-87431,LED 조명,건축,"규격:236mm, 중량:19kg, 전압:220V",3102,423.3,ISO 14001,브라질,"엔터프라이즈급 서버, 최대 512GB RAM, 99.99% 가동률",영어,보통
468,KE-97945,스마트 가전,기계,"규격:300mm, 중량:16kg, 전압:220V",4006,359.2,"CE, T?V",남아프리카,"고정밀 산업용 센서, IP67 방수등급, -40°C 극한 환경 동작",영어+프랑스어,높음
469,KE-60678,태양광 패널,의료,"규격:116mm, 중량:17kg, 전압:220V",4320,555.9,"CE, RoHS",UAE,에너지 효율 1등급 LED 조명으로 기존 대비 60% 전력 절감,영어+프랑스어,보통
470,KE-11852,IT장비,식품기계,"규격:270mm, 중량:4kg, 전압:24V DC",4377,595.6,"ISO 9001, CE",캐나다,"고정밀 산업용 센서, IP67 방수등급, -40°C 극한 환경 동작",영어+일어+중국어,높음
471,KE-75016,건축자재,화학,"규격:360mm, 중량:41kg, 전압:110V",2540,358.5,"KC, UL",독일,"고강도 자동차 엔진 부품, OEM 품질 인증, 글로벌 호환",영어+중국어,높음
472,KE-33846,금속 가공품,의료,"규격:119mm, 중량:2kg, 전압:24V DC",1359,49.6,"KC, CE, FCC",중국,에너지 효율 1등급 LED 조명으로 기존 대비 60% 전력 절감,영어+중국어,긴급
473,KE-72826,반도체 부품,전자,"규격:358mm, 중량:35kg, 전압:110V",1802,240.9,"FDA, CE",스페인,"고정밀 산업용 센서, IP67 방수등급, -40°C 극한 환경 동작",영어+스페인어,높음
474,KE-76887,반도체 부품,기계,"규격:169mm, 중량:48kg, 전압:220V",1533,124.4,"KC, UL",호주,"고정밀 산업용 센서, IP67 방수등급, -40°C 극한 환경 동작",영어+스페인어,보통
475,KE-78634,건축자재,전자,"규격:405mm, 중량:43kg, 전압:220V",532,313.8,"CE, T?V",폴란드,"AI 기반 스마트 가전, 앱 원격 제어, 음성 인식 지원",영어+프랑스어,보통
476,KE-37984,자동차 부품,건축,"규격:120mm, 중량:37kg, 전압:24V DC",698,149.1,"KC, CE, FCC",브라질,"AI 기반 스마트 가전, 앱 원격 제어, 음성 인식 지원",영어+아랍어,높음
477,KE-19716,건축자재,의료,"규격:202mm, 중량:46kg, 전압:110V",2173,654.4,"KC, UL",태국,"AI 기반 스마트 가전, 앱 원격 제어, 음성 인식 지원",영어+일어+중국어,높음
478,KE-35175,건축자재,건축,"규격:153mm, 중량:4kg, 전압:110V",454,39.4,"CE, T?V",터키,"고강도 자동차 엔진 부품, OEM 품질 인증, 글로벌 호환",영어+일어+중국어,긴급
479,KE-41760,IT장비,자동차,"규격:468mm, 중량:21kg, 전압:24V DC",3630,565.2,"CE, RoHS",말레이시아,"고정밀 산업용 센서, IP67 방수등급, -40°C 극한 환경 동작",영어+아랍어,긴급
480,KE-77967,화장품,화학,"규격:466mm, 중량:19kg, 전압:24V DC",4152,647.6,"ISO 9001, CE",아르헨티나,"AI 기반 스마트 가전, 앱 원격 제어, 음성 인식 지원",영어+중국어,보통
481,KE-33786,산업용 센서,기계,"규격:471mm, 중량:38kg, 전압:110V",4843,398.9,ISO 14001,터키,"고정밀 산업용 센서, IP67 방수등급, -40°C 극한 환경 동작",영어+프랑스어,보통
482,KE-46235,플라스틱 부품,기계,"규격:213mm, 중량:38kg, 전압:24V DC",390,265.3,"ISO 9001, IATF",이탈리아,"항균 기능성 섬유, 세탁 100회 후에도 항균력 유지",영어+독일어,높음
483,KE-54948,디스플레이,건축,"규격:216mm, 중량:46kg, 전압:24V DC",2881,643.8,"CE, RoHS",인도,"AI 기반 스마트 가전, 앱 원격 제어, 음성 인식 지원",영어+중국어,긴급
484,KE-78915,포장재,섬유,"규격:108mm, 중량:12kg, 전압:24V DC",2659,715.7,"CE, T?V",말레이시아,"고강도 자동차 엔진 부품, OEM 품질 인증, 글로벌 호환",영어+중국어,긴급
485,KE-41594,반도체 부품,전자,"규격:115mm, 중량:42kg, 전압:110V",2079,671.1,"CE, T?V",인도,"내부식성 건축 자재, 50년 내구 보증, 친환경 인증",영어+중국어,긴급
486,KE-26542,공구세트,식품기계,"규격:320mm, 중량:21kg, 전압:24V DC",254,209.8,"CE, RoHS",독일,"항균 기능성 섬유, 세탁 100회 후에도 항균력 유지",영어+프랑스어,낮음
487,KE-49631,건축자재,섬유,"규격:340mm, 중량:18kg, 전압:24V DC",4157,461.4,"KC, UL",일본,"AI 기반 스마트 가전, 앱 원격 제어, 음성 인식 지원",영어+스페인어,긴급
488,KE-68143,전자부품,기계,"규격:442mm, 중량:41kg, 전압:110V",3830,657.8,ISO 14001,호주,"고강도 자동차 엔진 부품, OEM 품질 인증, 글로벌 호환",영어+중국어,긴급
489,KE-99509,LED 조명,건축,"규격:454mm, 중량:39kg, 전압:110V",2374,363.2,"KC, CE, FCC",미국,"항균 기능성 섬유, 세탁 100회 후에도 항균력 유지",영어+프랑스어,보통
490,KE-34562,금속 가공품,섬유,"규격:234mm, 중량:20kg, 전압:24V DC",305,402,"CE, RoHS",멕시코,"고강도 자동차 엔진 부품, OEM 품질 인증, 글로벌 호환",영어+중국어,낮음
491,KE-44819,식품가공기계,전자,"규격:161mm, 중량:27kg, 전압:220V",1177,476,"KC, UL",캐나다,에너지 효율 1등급 LED 조명으로 기존 대비 60% 전력 절감,영어+중국어,높음
492,KE-61427,섬유/원단,섬유,"규격:499mm, 중량:26kg, 전압:24V DC",4727,543.9,"ISO 9001, CE",인도,"고강도 자동차 엔진 부품, OEM 품질 인증, 글로벌 호환",영어+프랑스어,낮음
493,KE-41308,산업용 센서,기계,"규격:410mm, 중량:6kg, 전압:110V",4465,443.9,"FDA, CE",남아프리카,"내부식성 건축 자재, 50년 내구 보증, 친환경 인증",영어+독일어,긴급
494,KE-57625,의료기기,전자,"규격:156mm, 중량:17kg, 전압:110V",1986,159.9,"KC, UL",태국,"AI 기반 스마트 가전, 앱 원격 제어, 음성 인식 지원",영어+중국어,높음
495,KE-16191,섬유/원단,의료,"규격:257mm, 중량:6kg, 전압:110V",4340,563.2,"KC, UL",독일,"고강도 자동차 엔진 부품, OEM 품질 인증, 글로벌 호환",영어+아랍어,보통
496,KE-69812,화학원료,자동차,"규격:311mm, 중량:41kg, 전압:24V DC",2100,453.6,"ISO 9001, IATF",폴란드,"고강도 자동차 엔진 부품, OEM 품질 인증, 글로벌 호환",영어+중국어,높음
497,KE-49648,포장재,IT,"규격:325mm, 중량:9kg, 전압:220V",2655,556,"KC, CE, FCC",영국,"항균 기능성 섬유, 세탁 100회 후에도 항균력 유지",영어+독일어,높음
498,KE-72987,자동차 부품,전자,"규격:423mm, 중량:25kg, 전압:220V",1219,525.8,"ISO 9001, CE",아르헨티나,"고정밀 산업용 센서, IP67 방수등급, -40°C 극한 환경 동작",영어+중국어,낮음
499,KE-93604,IT장비,건축,"규격:473mm, 중량:4kg, 전압:110V",4539,508.1,"FDA, CE",베트남,"고정밀 산업용 센서, IP67 방수등급, -40°C 극한 환경 동작",영어+아랍어,높음
500,KE-91716,LED 조명,전자,"규격:287mm, 중량:44kg, 전압:110V",3371,139.1,"KC, CE, FCC",이탈리아,에너지 효율 1등급 LED 조명으로 기존 대비 60% 전력 절감,영어+독일어,높음
